region,stopName,tours,ko,en,cat,lat,lng,signgu,muni,desc,descEn,nearOk,source,coord
청도,,1,청도 운문사,Unmunsa Temple (Cheongdo),herit,35.6368,128.9575,47820,청도군,보물 운문사 동호·석등 등 13건을 품은 운문산 자락의 비구니 사찰.,"A nuns' temple at the foot of Unmunsan holding 13 Treasures, including its bronze water jar and stone lantern.",,"국가유산 보물 소재지(보물 13건, 2026-10-04 국가유산 기본정보)","좌표 수기 입력(소재지 주소 기준, 지도 검증 필요, 2026-10-04)"
구례,,1,구례 천은사,Cheoneunsa Temple (Gurye),herit,35.2784,127.4752,46730,구례군,보물 천은사 괘불탱·금동불감 등 7건을 간직한 지리산 노고단 아래 사찰.,"A temple below Nogodan in Jirisan holding 7 Treasures, including its hanging banner painting and gilt-bronze shrine.",,"국가유산 보물 소재지(보물 7건, 2026-10-04 국가유산 기본정보)","좌표 수기 입력(소재지 주소 기준, 지도 검증 필요, 2026-10-04)"
상주,,1,상주 남장사,Namjangsa Temple (Sangju),herit,36.4310,128.1058,47250,상주시,보물 남장사 철조비로자나불좌상·목각아미타여래설법상 등 6건을 간직한 사찰.,"A temple holding 6 Treasures, including an iron seated Vairocana Buddha and carved wooden Amitabha altarpieces.",,"국가유산 보물 소재지(보물 6건, 2026-10-04 국가유산 기본정보)","좌표 수기 입력(소재지 주소 기준, 지도 검증 필요, 2026-10-04)"
서울,,1,국립한글박물관,National Hangeul Museum,herit,37.5212,126.9802,11170,용산구,보물 말모이 원고·청구영언 등 6건을 소장한 한글 전문 국립박물관.,"National museum of Hangeul holding 6 Treasures, including the Malmoe dictionary manuscript and Cheongguyeongeon.",,"국가유산 보물 소재지(보물 6건, 2026-10-04 국가유산 기본정보)","좌표 수기 입력(소재지 주소 기준, 지도 검증 필요, 2026-10-04)"
완주,,1,완주 송광사,Songgwangsa Temple (Wanju),herit,35.8858,127.2417,52710,완주군,보물 송광사 대웅전·종루 등 6건을 간직한 종남산 자락의 사찰.,"A temple holding 6 Treasures, including its main hall and cross-shaped bell pavilion.",,"국가유산 보물 소재지(보물 6건, 2026-10-04 국가유산 기본정보)","좌표 수기 입력(소재지 주소 기준, 지도 검증 필요, 2026-10-04)"
음성,,1,한독의약박물관,Handok Museum of Medicine,herit,36.9750,127.4890,43770,음성군,보물 의방유취·청자 상감 상약국명 합 등 6건을 소장한 의약 전문 박물관.,"A museum of medicine holding 6 Treasures, including Uibang yuchwi and a celadon box inscribed for the royal pharmacy.",,"국가유산 보물 소재지(보물 6건, 2026-10-04 국가유산 기본정보)","좌표 수기 입력(소재지 주소 기준, 지도 검증 필요, 2026-10-04) · 대략 위치"
고양,,1,고양 원각사,Wongaksa Temple (Goyang),herit,37.6790,126.8130,41285,고양시일산동구,보물 묘법연화경(언해)·자치통감 등 전적 5건을 소장한 사찰.,"A temple holding 5 Treasure books, including a vernacular Lotus Sutra and volumes of Zizhi Tongjian.",,"국가유산 보물 소재지(보물 5건, 2026-10-04 국가유산 기본정보)","좌표 수기 입력(소재지 주소 기준, 지도 검증 필요, 2026-10-04) · 대략 위치"
봉화,,1,충재박물관,Chungjae Museum,herit,36.9050,128.7385,47920,봉화군,보물 권벌 충재일기·권벌 종가 고문서 등 5건을 소장한 닭실마을 박물관.,"A museum in Dalsil Village holding 5 Treasures, including Gwon Beol's Chungjae diary and family documents.",,"국가유산 보물 소재지(보물 5건, 2026-10-04 국가유산 기본정보)","좌표 수기 입력(소재지 주소 기준, 지도 검증 필요, 2026-10-04)"
상주,,1,상주박물관,Sangju Museum,herit,36.4550,128.2480,47250,상주시,보물 정기룡 유물·상주 석조천인상 등 5건을 소장한 시립 박물관.,"A city museum holding 5 Treasures, including relics of General Jeong Gi-ryong and a stone celestial figure.",1,"국가유산 보물 소재지(보물 5건, 2026-10-04 국가유산 기본정보)","좌표 수기 입력(소재지 주소 기준, 지도 검증 필요, 2026-10-04) · 대략 위치"
서울,,1,서울대학교박물관,Seoul National University Museum,herit,37.4625,126.9502,11620,관악구,보물 곤여만국전도·독서당계회도 등 5건을 소장한 대학 박물관.,"A university museum holding 5 Treasures, including the Gonyeo Mangguk Jeondo world map and Dokseodang Gyehoedo.",,"국가유산 보물 소재지(보물 5건, 2026-10-04 국가유산 기본정보)","좌표 수기 입력(소재지 주소 기준, 지도 검증 필요, 2026-10-04)"
서울,,1,세종대왕기념관,King Sejong Memorial Hall,herit,37.5900,127.0447,11230,동대문구,보물 금강경삼가해·분류두공부시(언해) 등 5건을 소장한 기념관.,"A memorial hall holding 5 Treasures, including Geumganggyeong samgahae and a vernacular Du Fu anthology.",,"국가유산 보물 소재지(보물 5건, 2026-10-04 국가유산 기본정보)","좌표 수기 입력(소재지 주소 기준, 지도 검증 필요, 2026-10-04)"
서울,,1,육군박물관,Korea Army Museum,herit,37.6247,127.0985,11350,노원구,보물 부산진순절도·동래부순절도 등 5건을 소장한 육군사관학교 박물관.,"The Korea Military Academy museum holding 5 Treasures, including paintings of the battles at Busanjin and Dongnae.",,"국가유산 보물 소재지(보물 5건, 2026-10-04 국가유산 기본정보)","좌표 수기 입력(소재지 주소 기준, 지도 검증 필요, 2026-10-04)"
속초,,1,속초 신흥사,Sinheungsa Temple (Sokcho),herit,38.1720,128.4885,51210,속초시,보물 신흥사 극락보전·목조아미타여래삼존좌상 등 5건을 간직한 설악산 사찰.,"A Seoraksan temple holding 5 Treasures, including its Geungnakbojeon hall and wooden Amitabha triad.",,"국가유산 보물 소재지(보물 5건, 2026-10-04 국가유산 기본정보)","좌표 수기 입력(소재지 주소 기준, 지도 검증 필요, 2026-10-04)"
칠곡,,1,칠곡 송림사,Songnimsa Temple (Chilgok),herit,35.9819,128.5775,47850,칠곡군,보물 송림사 오층전탑·대웅전 등 5건을 간직한 사찰.,"A temple holding 5 Treasures, including its five-story brick pagoda and main hall.",,"국가유산 보물 소재지(보물 5건, 2026-10-04 국가유산 기본정보)","좌표 수기 입력(소재지 주소 기준, 지도 검증 필요, 2026-10-04)"
고성,,1,고성 옥천사,Okcheonsa Temple (Goseong),herit,35.0803,128.2614,48820,고성군,보물 옥천사 자방루·청동북 등 4건을 간직한 연화산 사찰.,"A Yeonhwasan temple holding 4 Treasures, including Jabangnu pavilion and a bronze drum.",,"국가유산 보물 소재지(보물 4건, 2026-10-04 국가유산 기본정보)","좌표 수기 입력(소재지 주소 기준, 지도 검증 필요, 2026-10-04)"
고흥,,1,고흥 능가사,Neunggasa Temple (Goheung),herit,34.6381,127.4139,12740,고흥군,보물 능가사 대웅전·동종 등 4건을 간직한 팔영산 자락의 사찰.,"A temple below Palyeongsan holding 4 Treasures, including its main hall and bronze bell.",,"국가유산 보물 소재지(보물 4건, 2026-10-04 국가유산 기본정보)","좌표 수기 입력(소재지 주소 기준, 지도 검증 필요, 2026-10-04)"
괴산,,1,괴산 각연사,Gagyeonsa Temple (Goesan),herit,36.7547,127.9294,43760,괴산군,보물 각연사 석조비로자나불좌상·통일대사탑비 등 4건을 간직한 사찰.,"A temple holding 4 Treasures, including a stone seated Vairocana Buddha and the stele of Master Tongil.",,"국가유산 보물 소재지(보물 4건, 2026-10-04 국가유산 기본정보)","좌표 수기 입력(소재지 주소 기준, 지도 검증 필요, 2026-10-04)"
구미,,1,구미 대둔사,Daedunsa Temple (Gumi),herit,36.3353,128.2408,47190,구미시,보물 대둔사 대웅전·건칠아미타여래좌상 등 4건을 간직한 사찰.,"A temple holding 4 Treasures, including its main hall and a dry-lacquer seated Amitabha.",,"국가유산 보물 소재지(보물 4건, 2026-10-04 국가유산 기본정보)","좌표 수기 입력(소재지 주소 기준, 지도 검증 필요, 2026-10-04)"
남원,,1,남원 만복사지,Manboksa Temple Site (Namwon),herit,35.4136,127.3726,52190,남원시,보물 만복사지 오층석탑·석조여래입상 등 4건이 남은 고려 절터.,"A Goryeo temple site with 4 Treasures, including a five-story stone pagoda and a standing stone Buddha.",,"국가유산 보물 소재지(보물 4건, 2026-10-04 국가유산 기본정보)","좌표 수기 입력(소재지 주소 기준, 지도 검증 필요, 2026-10-04)"
대구,,1,경북대학교박물관,Kyungpook National University Museum,herit,35.8895,128.6110,27230,북구,보물 대구 무술명 오작비·봉화 북지리 석조반가상 등 4건을 소장한 대학 박물관.,"A university museum holding 4 Treasures, including the Musul-year dam stele and a stone pensive bodhisattva.",,"국가유산 보물 소재지(보물 4건, 2026-10-04 국가유산 기본정보)","좌표 수기 입력(소재지 주소 기준, 지도 검증 필요, 2026-10-04)"
서울,,1,아모레퍼시픽미술관,Amorepacific Museum of Art,herit,37.5288,126.9683,11170,용산구,보물 수월관음도·백자 달항아리 등 4건을 소장한 미술관.,"An art museum holding 4 Treasures, including a Water-Moon Avalokiteshvara painting and a white porcelain moon jar.",,"국가유산 보물 소재지(보물 4건, 2026-10-04 국가유산 기본정보)","좌표 수기 입력(소재지 주소 기준, 지도 검증 필요, 2026-10-04)"
양양,,1,양양 선림원지,Seollimwon Temple Site (Yangyang),herit,37.9450,128.5167,51830,양양군,보물 선림원지 삼층석탑·석등 등 4건이 남은 절터.,"A temple site with 4 Treasures, including a three-story stone pagoda and a stone lantern.",,"국가유산 보물 소재지(보물 4건, 2026-10-04 국가유산 기본정보)","좌표 수기 입력(소재지 주소 기준, 지도 검증 필요, 2026-10-04)"
영동,,1,영동 영국사,Yeongguksa Temple (Yeongdong),herit,36.1581,127.6103,43740,영동군,보물 영국사 삼층석탑·원각국사비 등 4건을 간직한 천태산 사찰.,"A Cheontaesan temple holding 4 Treasures, including a three-story stone pagoda and the stele of National Preceptor Wongak.",,"국가유산 보물 소재지(보물 4건, 2026-10-04 국가유산 기본정보)","좌표 수기 입력(소재지 주소 기준, 지도 검증 필요, 2026-10-04)"
강릉,,1,강릉 보현사,Bohyeonsa Temple (Gangneung),herit,37.7367,128.7694,51150,강릉시,보물 보현사 낭원대사탑·탑비 등 3건을 간직한 사찰.,"A temple holding 3 Treasures, including the stupa and stele of Master Nangwon.",,"국가유산 보물 소재지(보물 3건, 2026-10-04 국가유산 기본정보)","좌표 수기 입력(소재지 주소 기준, 지도 검증 필요, 2026-10-04)"
경주,,1,경주 보문사지,Bomunsa Temple Site (Gyeongju),herit,35.8264,129.2556,47130,경주시,보물 보문사지 석조·당간지주 등 3건이 남은 신라 절터.,"A Silla temple site with 3 Treasures, including a stone basin and flagpole supports.",,"국가유산 보물 소재지(보물 3건, 2026-10-04 국가유산 기본정보)","좌표 수기 입력(소재지 주소 기준, 지도 검증 필요, 2026-10-04)"
고창,,1,고창 문수사,Munsusa Temple (Gochang),herit,35.3807,126.7264,52790,고창군,보물 문수사 대웅전·목조석가여래삼불좌상 등 3건을 간직한 사찰.,"A temple holding 3 Treasures, including its main hall and a wooden Shakyamuni triad.",,"국가유산 보물 소재지(보물 3건, 2026-10-04 국가유산 기본정보)","좌표 수기 입력(소재지 주소 기준, 지도 검증 필요, 2026-10-04)"
대구,,1,대구 용연사,Yongyeonsa Temple (Daegu),herit,35.7489,128.5194,27710,달성군,보물 용연사 금강계단·자운문 등 3건을 간직한 비슬산 사찰.,"A Biseulsan temple holding 3 Treasures, including its Diamond Ordination Platform and Jaunmun gate.",,"국가유산 보물 소재지(보물 3건, 2026-10-04 국가유산 기본정보)","좌표 수기 입력(소재지 주소 기준, 지도 검증 필요, 2026-10-04)"
대구,,1,대구 파계사,Pagyesa Temple (Daegu),herit,36.0014,128.6411,27140,동구,보물 파계사 원통전·건칠관음보살좌상 등 3건을 간직한 팔공산 사찰.,"A Palgongsan temple holding 3 Treasures, including Wontongjeon hall and a dry-lacquer seated Avalokiteshvara.",,"국가유산 보물 소재지(보물 3건, 2026-10-04 국가유산 기본정보)","좌표 수기 입력(소재지 주소 기준, 지도 검증 필요, 2026-10-04)"
여주,,1,목아불교박물관,Moka Buddhist Museum,herit,37.2730,127.6800,41670,여주시,보물 묘법연화경·대방광불화엄경 정원본 등 3건을 소장한 불교 박물관.,"A Buddhist museum holding 3 Treasures, including a Lotus Sutra and a Zhenyuan-edition Avatamsaka Sutra.",,"국가유산 보물 소재지(보물 3건, 2026-10-04 국가유산 기본정보)","좌표 수기 입력(소재지 주소 기준, 지도 검증 필요, 2026-10-04) · 대략 위치"
영덕,,1,영덕 장륙사,Jangyuksa Temple (Yeongdeok),herit,36.5986,129.3005,47770,영덕군,보물 장륙사 건칠관음보살좌상·영산회상도 등 3건을 간직한 사찰.,"A temple holding 3 Treasures, including a dry-lacquer seated Avalokiteshvara and a Vulture Peak assembly painting.",,"국가유산 보물 소재지(보물 3건, 2026-10-04 국가유산 기본정보)","좌표 수기 입력(소재지 주소 기준, 지도 검증 필요, 2026-10-04)"
예천,,1,예천박물관,Yecheon Museum,herit,36.6890,128.4400,47900,예천군,보물 정탁 초상·사시찬요 등 3건을 소장한 군립 박물관.,"A county museum holding 3 Treasures, including the portrait of Jeong Tak and Sasi chanyo.",,"국가유산 보물 소재지(보물 3건, 2026-10-04 국가유산 기본정보)","좌표 수기 입력(소재지 주소 기준, 지도 검증 필요, 2026-10-04) · 대략 위치"
의성,,1,의성 고운사,Gounsa Temple (Uiseong),herit,36.4581,128.7497,47730,의성군,보물 고운사 가운루·석조여래좌상 등 3건을 간직한 등운산 사찰.,"A Deungunsan temple holding 3 Treasures, including Gaunnu pavilion and a stone seated Buddha.",,"국가유산 보물 소재지(보물 3건, 2026-10-04 국가유산 기본정보)","좌표 수기 입력(소재지 주소 기준, 지도 검증 필요, 2026-10-04)"
창원,,1,해군사관학교박물관,Naval Academy Museum,herit,35.1320,128.6640,48129,창원시진해구,보물 안중근의사 유묵·중완구 등 3건을 소장한 해군사관학교 박물관.,"The Naval Academy museum holding 3 Treasures, including calligraphy by An Jung-geun and a mid-size mortar.",,"국가유산 보물 소재지(보물 3건, 2026-10-04 국가유산 기본정보)","좌표 수기 입력(소재지 주소 기준, 지도 검증 필요, 2026-10-04)"
합천,,1,합천 영암사지,Yeongamsa Temple Site (Hapcheon),herit,35.4742,128.0028,48890,합천군,보물 영암사지 쌍사자 석등·삼층석탑 등 3건이 남은 황매산 절터.,"A temple site below Hwangmaesan with 3 Treasures, including a twin-lion stone lantern and a three-story pagoda.",,"국가유산 보물 소재지(보물 3건, 2026-10-04 국가유산 기본정보)","좌표 수기 입력(소재지 주소 기준, 지도 검증 필요, 2026-10-04)"
합천,,1,합천 청량사,Cheongnyangsa Temple (Hapcheon),herit,35.7725,128.1092,48890,합천군,보물 청량사 석등·석조여래좌상 등 3건을 간직한 매화산 사찰.,"A Maehwasan temple holding 3 Treasures, including a stone lantern and a stone seated Buddha.",,"국가유산 보물 소재지(보물 3건, 2026-10-04 국가유산 기본정보)","좌표 수기 입력(소재지 주소 기준, 지도 검증 필요, 2026-10-04)"
강릉,,1,강릉 굴산사지,Gulsansa Temple Site (Gangneung),herit,37.7072,128.8917,51150,강릉시,보물 굴산사지 승탑·당간지주 2건이 남은 신라 선종 절터.,A Silla Seon temple site with 2 Treasures: a monk's stupa and flagpole supports.,,"국가유산 보물 소재지(보물 2건, 2026-10-04 국가유산 기본정보)","좌표 수기 입력(소재지 주소 기준, 지도 검증 필요, 2026-10-04)"
강릉,,1,강릉 신복사지,Sinboksa Temple Site (Gangneung),herit,37.7425,128.8853,51150,강릉시,보물 신복사지 석조보살좌상·삼층석탑 2건이 남은 절터.,A temple site with 2 Treasures: a seated stone bodhisattva and a three-story pagoda.,,"국가유산 보물 소재지(보물 2건, 2026-10-04 국가유산 기본정보)","좌표 수기 입력(소재지 주소 기준, 지도 검증 필요, 2026-10-04)"
강진,,1,강진 백련사,Baengnyeonsa Temple (Gangjin),herit,34.5878,126.7478,46810,강진군,보물 백련사 사적비·대웅보전 2건을 간직한 만덕산 사찰.,A Mandeoksan temple holding 2 Treasures: its historical stele and main hall.,,"국가유산 보물 소재지(보물 2건, 2026-10-04 국가유산 기본정보)","좌표 수기 입력(소재지 주소 기준, 지도 검증 필요, 2026-10-04)"
강진,,1,강진 월남사지,Wolnamsa Temple Site (Gangjin),herit,34.7428,126.7111,46810,강진군,보물 월남사지 삼층석탑·진각국사비 2건이 남은 월출산 아래 절터.,A temple site below Wolchulsan with 2 Treasures: a three-story pagoda and the stele of National Preceptor Jingak.,,"국가유산 보물 소재지(보물 2건, 2026-10-04 국가유산 기본정보)","좌표 수기 입력(소재지 주소 기준, 지도 검증 필요, 2026-10-04)"
고양,,1,고양 태고사,Taegosa Temple (Goyang),herit,37.6453,126.9783,41281,고양시덕양구,보물 태고사 원증국사탑·탑비 2건을 간직한 북한산 사찰.,A Bukhansan temple holding 2 Treasures: the stupa and stele of National Preceptor Wonjeung.,,"국가유산 보물 소재지(보물 2건, 2026-10-04 국가유산 기본정보)","좌표 수기 입력(소재지 주소 기준, 지도 검증 필요, 2026-10-04)"
곡성,,1,곡성 도림사,Dorimsa Temple (Gokseong),herit,35.2673,127.2575,12720,곡성군,보물 도림사 괘불탱·아미타여래설법도 2건을 간직한 사찰.,A temple holding 2 Treasures: a hanging banner painting and an Amitabha preaching painting.,,"국가유산 보물 소재지(보물 2건, 2026-10-04 국가유산 기본정보)","좌표 수기 입력(소재지 주소 기준, 지도 검증 필요, 2026-10-04)"
구미,,1,구미 금오서원,Geumo Seowon (Gumi),herit,36.2278,128.3386,47190,구미시,보물 금오서원 정학당·상현묘 2건을 간직한 서원.,A Confucian academy holding 2 Treasures: its Jeonghakdang lecture hall and Sanghyeonmyo shrine.,,"국가유산 보물 소재지(보물 2건, 2026-10-04 국가유산 기본정보)","좌표 수기 입력(소재지 주소 기준, 지도 검증 필요, 2026-10-04)"
김제,,1,김제 귀신사,Gwisinsa Temple (Gimje),herit,35.7453,127.0470,52210,김제시,보물 귀신사 대적광전·소조비로자나삼불좌상 2건을 간직한 모악산 사찰.,A Moaksan temple holding 2 Treasures: Daejeokgwangjeon hall and a clay Vairocana triad.,,"국가유산 보물 소재지(보물 2건, 2026-10-04 국가유산 기본정보)","좌표 수기 입력(소재지 주소 기준, 지도 검증 필요, 2026-10-04)"
김천,,1,김천 수도암,Sudoam Hermitage (Gimcheon),herit,35.8614,127.9964,47150,김천시,보물 수도암 석조비로자나불좌상·석조보살좌상 2건을 간직한 청암사 암자.,A hermitage of Cheongamsa holding 2 Treasures: a stone Vairocana Buddha and a stone seated bodhisattva.,,"국가유산 보물 소재지(보물 2건, 2026-10-04 국가유산 기본정보)","좌표 수기 입력(소재지 주소 기준, 지도 검증 필요, 2026-10-04)"
나주,,1,나주 다보사,Dabosa Temple (Naju),herit,35.0472,126.6984,12170,나주시,보물 다보사 괘불탱·목조석가여래삼존상 2건을 간직한 금성산 사찰.,A Geumseongsan temple holding 2 Treasures: a hanging banner painting and a wooden Shakyamuni triad.,,"국가유산 보물 소재지(보물 2건, 2026-10-04 국가유산 기본정보)","좌표 수기 입력(소재지 주소 기준, 지도 검증 필요, 2026-10-04)"
나주,,1,나주 불회사,Bulhoesa Temple (Naju),herit,34.9083,126.8233,12170,나주시,보물 불회사 대웅전·건칠비로자나불좌상 2건을 간직한 사찰.,A temple holding 2 Treasures: its main hall and a dry-lacquer seated Vairocana.,,"국가유산 보물 소재지(보물 2건, 2026-10-04 국가유산 기본정보)","좌표 수기 입력(소재지 주소 기준, 지도 검증 필요, 2026-10-04)"
남원,,1,남원 선원사,Seonwonsa Temple (Namwon),herit,35.4125,127.3911,52190,남원시,보물 선원사 철조여래좌상 등 2건을 간직한 남원 도심 사찰.,"A temple in central Namwon holding 2 Treasures, including an iron seated Buddha.",,"국가유산 보물 소재지(보물 2건, 2026-10-04 국가유산 기본정보)","좌표 수기 입력(소재지 주소 기준, 지도 검증 필요, 2026-10-04)"
당진,,1,당진 안국사지,Anguksa Temple Site (Dangjin),herit,36.8319,126.5575,44270,당진시,보물 안국사지 석조여래삼존입상·석탑 2건이 남은 절터.,A temple site with 2 Treasures: a standing stone Buddha triad and a stone pagoda.,,"국가유산 보물 소재지(보물 2건, 2026-10-04 국가유산 기본정보)","좌표 수기 입력(소재지 주소 기준, 지도 검증 필요, 2026-10-04)"
동해,,1,동해 삼화사,Samhwasa Temple (Donghae),herit,37.4636,129.0142,51170,동해시,보물 삼화사 삼층석탑·철조노사나불좌상 2건을 간직한 두타산 사찰.,A Dutasan temple holding 2 Treasures: a three-story pagoda and an iron seated Rocana Buddha.,1,"국가유산 보물 소재지(보물 2건, 2026-10-04 국가유산 기본정보)","좌표 수기 입력(소재지 주소 기준, 지도 검증 필요, 2026-10-04)"
보성,,1,보성 대원사,Daewonsa Temple (Boseong),herit,34.9613,127.1333,12750,보성군,보물 대원사 극락전 벽화·지장보살도 및 시왕도 2건을 간직한 천봉산 사찰.,A Cheonbongsan temple holding 2 Treasures: murals in Geungnakjeon and Ksitigarbha with Ten Kings paintings.,,"국가유산 보물 소재지(보물 2건, 2026-10-04 국가유산 기본정보)","좌표 수기 입력(소재지 주소 기준, 지도 검증 필요, 2026-10-04)"
부산,,1,부산 장안사,Jangansa Temple (Busan),herit,35.3748,129.2329,26710,기장군,보물 장안사 대웅전·석조석가여래삼불좌상 2건을 간직한 기장 불광산 사찰.,A temple on Bulgwangsan in Gijang holding 2 Treasures: its main hall and a stone Shakyamuni triad.,,"국가유산 보물 소재지(보물 2건, 2026-10-04 국가유산 기본정보)","좌표 수기 입력(소재지 주소 기준, 지도 검증 필요, 2026-10-04)"
산청,,1,산청 단속사지,Dansoksa Temple Site (Sancheong),herit,35.3211,127.9000,48860,산청군,보물 단속사지 동·서 삼층석탑 2건이 남은 신라 절터.,A Silla temple site with 2 Treasures: its east and west three-story pagodas.,,"국가유산 보물 소재지(보물 2건, 2026-10-04 국가유산 기본정보)","좌표 수기 입력(소재지 주소 기준, 지도 검증 필요, 2026-10-04)"
산청,,1,산청 율곡사,Yulgoksa Temple (Sancheong),herit,35.4161,127.9672,48860,산청군,보물 율곡사 대웅전·괘불탱 2건을 간직한 사찰.,A temple holding 2 Treasures: its main hall and a hanging banner painting.,,"국가유산 보물 소재지(보물 2건, 2026-10-04 국가유산 기본정보)","좌표 수기 입력(소재지 주소 기준, 지도 검증 필요, 2026-10-04)"
서울,,1,서울 법장사,Beopjangsa Temple (Seoul),herit,37.6125,127.0790,11260,중랑구,보물 묘법연화경·초조본 아비달마대비바사론 2건을 소장한 중랑구 사찰.,A Jungnang-gu temple holding 2 Treasure books: a Lotus Sutra and a first-edition Abhidharma Mahavibhasa volume.,,"국가유산 보물 소재지(보물 2건, 2026-10-04 국가유산 기본정보)","좌표 수기 입력(소재지 주소 기준, 지도 검증 필요, 2026-10-04)"
서울,,1,서울 보타사,Botasa Temple (Seoul),herit,37.5925,127.0275,11290,성북구,보물 보타사 마애보살좌상·금동보살좌상 2건을 간직한 개운사 산내 암자.,A hermitage by Gaeunsa holding 2 Treasures: a rock-carved seated bodhisattva and a gilt-bronze bodhisattva.,,"국가유산 보물 소재지(보물 2건, 2026-10-04 국가유산 기본정보)","좌표 수기 입력(소재지 주소 기준, 지도 검증 필요, 2026-10-04)"
서울,,1,서울공예박물관,Seoul Museum of Craft Art,herit,37.5762,126.9853,11110,종로구,보물 자수 사계분경도·자수가사 2건을 소장한 공예 박물관.,A craft museum holding 2 Treasures: an embroidered four-seasons screen and an embroidered kasaya.,1,"국가유산 보물 소재지(보물 2건, 2026-10-04 국가유산 기본정보)","좌표 수기 입력(소재지 주소 기준, 지도 검증 필요, 2026-10-04)"
서울,,1,성균관대학교박물관,Sungkyunkwan University Museum,herit,37.5872,126.9938,11110,종로구,보물 근묵·김천리 개국원종공신녹권 2건을 소장한 대학 박물관.,A university museum holding 2 Treasures: the Geunmuk calligraphy album and a founding-merit certificate.,,"국가유산 보물 소재지(보물 2건, 2026-10-04 국가유산 기본정보)","좌표 수기 입력(소재지 주소 기준, 지도 검증 필요, 2026-10-04)"
서울,,1,서울 청룡사,Cheongnyongsa Temple (Seoul),herit,37.5745,127.0185,11110,종로구,보물 청룡사 석조지장보살삼존상·비로자나불 삼신괘불도 2건을 간직한 사찰.,A temple holding 2 Treasures: a stone Ksitigarbha triad with Ten Kings and a Vairocana hanging painting.,,"국가유산 보물 소재지(보물 2건, 2026-10-04 국가유산 기본정보)","좌표 수기 입력(소재지 주소 기준, 지도 검증 필요, 2026-10-04)"
서울,,1,허준박물관,Heo Jun Museum,herit,37.5734,126.8494,11500,강서구,보물 신찬벽온방·구급간이방 2건을 소장한 의학 박물관.,A medical history museum holding 2 Treasures: Sinchan byeogonbang and Gugeup ganibang.,,"국가유산 보물 소재지(보물 2건, 2026-10-04 국가유산 기본정보)","좌표 수기 입력(소재지 주소 기준, 지도 검증 필요, 2026-10-04)"
세종,,1,세종 비암사,Biamsa Temple (Sejong),herit,36.6111,127.1914,36110,세종시,보물 비암사 극락보전·소조아미타여래좌상 2건을 간직한 사찰.,A temple holding 2 Treasures: Geungnakbojeon hall and a clay seated Amitabha.,,"국가유산 보물 소재지(보물 2건, 2026-10-04 국가유산 기본정보)","좌표 수기 입력(소재지 주소 기준, 지도 검증 필요, 2026-10-04)"
세종,,1,세종 연화사,Yeonhwasa Temple (Sejong),herit,36.5850,127.2650,36110,세종시,보물 무인명불비상 및 대좌·칠존불비상 2건을 간직한 사찰.,A temple holding 2 Treasures: the Muin-year Buddhist stele with pedestal and a seven-figure Buddhist stele.,,"국가유산 보물 소재지(보물 2건, 2026-10-04 국가유산 기본정보)","좌표 수기 입력(소재지 주소 기준, 지도 검증 필요, 2026-10-04) · 대략 위치"
순천,,1,순천 금둔사지,Geumdunsa Temple Site (Suncheon),herit,34.9253,127.3397,12150,순천시,보물 금둔사지 삼층석탑·석조불비상 2건이 남은 절터.,A temple site with 2 Treasures: a three-story pagoda and a stone Buddha stele.,,"국가유산 보물 소재지(보물 2건, 2026-10-04 국가유산 기본정보)","좌표 수기 입력(소재지 주소 기준, 지도 검증 필요, 2026-10-04)"
순천,,1,순천 동화사,Donghwasa Temple (Suncheon),herit,34.8810,127.4250,12150,순천시,보물 동화사 삼층석탑·목조석가여래삼불좌상 2건을 간직한 사찰.,A temple holding 2 Treasures: a three-story pagoda and a wooden Shakyamuni triad.,,"국가유산 보물 소재지(보물 2건, 2026-10-04 국가유산 기본정보)","좌표 수기 입력(소재지 주소 기준, 지도 검증 필요, 2026-10-04) · 대략 위치"
안동,,1,안동 광흥사,Gwangheungsa Temple (Andong),herit,36.6400,128.6350,47170,안동시,보물 광흥사 동종·응진전 2건을 간직한 학가산 사찰.,A Hakgasan temple holding 2 Treasures: its bronze bell and Eungjinjeon hall.,,"국가유산 보물 소재지(보물 2건, 2026-10-04 국가유산 기본정보)","좌표 수기 입력(소재지 주소 기준, 지도 검증 필요, 2026-10-04) · 대략 위치"
영주,,1,영주 비로사,Birosa Temple (Yeongju),herit,36.9389,128.4986,47210,영주시,보물 비로사 석조아미타여래좌상·석조비로자나불좌상 2건을 간직한 소백산 사찰.,A Sobaeksan temple holding 2 Treasures: stone seated Amitabha and Vairocana Buddhas.,,"국가유산 보물 소재지(보물 2건, 2026-10-04 국가유산 기본정보)","좌표 수기 입력(소재지 주소 기준, 지도 검증 필요, 2026-10-04)"
영천,,1,영천 임고서원,Imgo Seowon (Yeongcheon),herit,36.0164,128.9742,47230,영천시,보물 정몽주 초상·임고서원 전적 2건을 간직한 서원.,A Confucian academy holding 2 Treasures: a portrait of Jeong Mong-ju and its book collection.,,"국가유산 보물 소재지(보물 2건, 2026-10-04 국가유산 기본정보)","좌표 수기 입력(소재지 주소 기준, 지도 검증 필요, 2026-10-04)"
예천,,1,예천 청룡사,Cheongnyongsa Temple (Yecheon),herit,36.6880,128.3940,47900,예천군,보물 청룡사 석조여래좌상·석조비로자나불좌상 2건을 간직한 사찰.,A temple holding 2 Treasures: a stone seated Buddha and a stone seated Vairocana.,,"국가유산 보물 소재지(보물 2건, 2026-10-04 국가유산 기본정보)","좌표 수기 입력(소재지 주소 기준, 지도 검증 필요, 2026-10-04) · 대략 위치"
완주,,1,완주 위봉사,Wibongsa Temple (Wanju),herit,35.9106,127.2572,52710,완주군,보물 위봉사 보광명전·목조관음보살입상 등 2건을 간직한 사찰.,"A temple holding 2 Treasures, including Bogwangmyeongjeon hall and standing wooden bodhisattvas.",,"국가유산 보물 소재지(보물 2건, 2026-10-04 국가유산 기본정보)","좌표 수기 입력(소재지 주소 기준, 지도 검증 필요, 2026-10-04)"
용인,,1,단국대학교석주선기념박물관,Dankook University Seok Juseon Memorial Museum,herit,37.3220,127.1270,41465,용인시수지구,보물 박지원 열하일기 초고본·유항선생시집 2건을 소장한 대학 박물관.,A university museum holding 2 Treasures: Bak Ji-won's draft Yeolha ilgi and the poetry of Yuhang.,,"국가유산 보물 소재지(보물 2건, 2026-10-04 국가유산 기본정보)","좌표 수기 입력(소재지 주소 기준, 지도 검증 필요, 2026-10-04)"
원주,,1,원주 거돈사지,Geodonsa Temple Site (Wonju),herit,37.1931,127.7922,51130,원주시,보물 거돈사지 원공국사탑비·삼층석탑 2건이 남은 절터.,A temple site with 2 Treasures: the stele of National Preceptor Wongong and a three-story pagoda.,,"국가유산 보물 소재지(보물 2건, 2026-10-04 국가유산 기본정보)","좌표 수기 입력(소재지 주소 기준, 지도 검증 필요, 2026-10-04)"
원주,,1,원주 흥법사지,Heungbeopsa Temple Site (Wonju),herit,37.3700,127.8520,51130,원주시,보물 흥법사지 진공대사탑비·삼층석탑 2건이 남은 절터.,A temple site with 2 Treasures: the stele of Master Jingong and a three-story pagoda.,,"국가유산 보물 소재지(보물 2건, 2026-10-04 국가유산 기본정보)","좌표 수기 입력(소재지 주소 기준, 지도 검증 필요, 2026-10-04) · 대략 위치"
의령,,1,의령 보천사지,Bocheonsa Temple Site (Uiryeong),herit,35.3330,128.2400,48720,의령군,보물 보천사지 삼층석탑·승탑 2건이 남은 절터.,A temple site with 2 Treasures: a three-story pagoda and a monk's stupa.,,"국가유산 보물 소재지(보물 2건, 2026-10-04 국가유산 기본정보)","좌표 수기 입력(소재지 주소 기준, 지도 검증 필요, 2026-10-04) · 대략 위치"
의성,,1,의성 대곡사,Daegoksa Temple (Uiseong),herit,36.4900,128.3772,47730,의성군,보물 대곡사 대웅전·범종루 2건을 간직한 사찰.,A temple holding 2 Treasures: its main hall and bell pavilion.,,"국가유산 보물 소재지(보물 2건, 2026-10-04 국가유산 기본정보)","좌표 수기 입력(소재지 주소 기준, 지도 검증 필요, 2026-10-04)"
익산,,1,익산 숭림사,Sungnimsa Temple (Iksan),herit,36.0814,126.9156,52140,익산시,보물 숭림사 보광전·정혜원 2건을 간직한 사찰.,A temple holding 2 Treasures: Bogwangjeon hall and Jeonghyewon.,,"국가유산 보물 소재지(보물 2건, 2026-10-04 국가유산 기본정보)","좌표 수기 입력(소재지 주소 기준, 지도 검증 필요, 2026-10-04)"
인제,,1,인제 한계사지,Hangyesa Temple Site (Inje),herit,38.1206,128.3394,51810,인제군,보물 한계사지 남·북 삼층석탑 2건이 남은 설악산 절터.,A Seoraksan temple site with 2 Treasures: its south and north three-story pagodas.,,"국가유산 보물 소재지(보물 2건, 2026-10-04 국가유산 기본정보)","좌표 수기 입력(소재지 주소 기준, 지도 검증 필요, 2026-10-04)"
임실,,1,임실 진구사지,Jingusa Temple Site (Imsil),herit,35.6342,127.2108,52750,임실군,보물 진구사지 석등·석조비로자나불좌상 2건이 남은 절터.,A temple site with 2 Treasures: a stone lantern and a stone seated Vairocana.,,"국가유산 보물 소재지(보물 2건, 2026-10-04 국가유산 기본정보)","좌표 수기 입력(소재지 주소 기준, 지도 검증 필요, 2026-10-04)"
진안,,1,진안 금당사,Geumdangsa Temple (Jinan),herit,35.7470,127.4090,52720,진안군,보물 금당사 괘불탱 등 2건을 간직한 마이산 사찰.,"A Maisan temple holding 2 Treasures, including a hanging banner painting.",,"국가유산 보물 소재지(보물 2건, 2026-10-04 국가유산 기본정보)","좌표 수기 입력(소재지 주소 기준, 지도 검증 필요, 2026-10-04) · 대략 위치"
천안,,1,천안 천흥사지,Cheonheungsa Temple Site (Cheonan),herit,36.8697,127.2128,44133,천안시서북구,보물 천흥사지 오층석탑·당간지주 2건이 남은 고려 절터.,A Goryeo temple site with 2 Treasures: a five-story pagoda and flagpole supports.,,"국가유산 보물 소재지(보물 2건, 2026-10-04 국가유산 기본정보)","좌표 수기 입력(소재지 주소 기준, 지도 검증 필요, 2026-10-04)"
청도,,1,청도 대비사,Daebisa Temple (Cheongdo),herit,35.6564,128.9361,47820,청도군,보물 대비사 대웅전·영산회상도 2건을 간직한 사찰.,A temple holding 2 Treasures: its main hall and a Vulture Peak assembly painting.,,"국가유산 보물 소재지(보물 2건, 2026-10-04 국가유산 기본정보)","좌표 수기 입력(소재지 주소 기준, 지도 검증 필요, 2026-10-04)"
통영,,1,통영 안정사,Anjeongsa Temple (Tongyeong),herit,34.9439,128.3953,48220,통영시,보물 안정사 영산회 괘불도·동종 2건을 간직한 벽방산 사찰.,A Byeokbangsan temple holding 2 Treasures: a hanging banner painting and a bronze bell.,,"국가유산 보물 소재지(보물 2건, 2026-10-04 국가유산 기본정보)","좌표 수기 입력(소재지 주소 기준, 지도 검증 필요, 2026-10-04)"
하남,,1,하남 동사지,Dongsa Temple Site (Hanam),herit,37.5169,127.1861,41450,하남시,보물 동사지 오층석탑·삼층석탑 2건이 남은 고려 절터.,A Goryeo temple site with 2 Treasures: five-story and three-story stone pagodas.,,"국가유산 보물 소재지(보물 2건, 2026-10-04 국가유산 기본정보)","좌표 수기 입력(소재지 주소 기준, 지도 검증 필요, 2026-10-04)"
함양,,1,함양 법인사,Beobinsa Temple (Hamyang),herit,35.6220,127.8150,48870,함양군,보물 법인사 목조아미타여래좌상·감로왕도 2건을 간직한 사찰.,A temple holding 2 Treasures: a wooden seated Amitabha and a Nectar Ritual painting.,,"국가유산 보물 소재지(보물 2건, 2026-10-04 국가유산 기본정보)","좌표 수기 입력(소재지 주소 기준, 지도 검증 필요, 2026-10-04) · 대략 위치"
해남,,1,고산윤선도박물관,Gosan Yun Seon-do Museum,herit,34.5511,126.6223,12790,해남군,보물 해남 윤씨 가전 고화첩·윤선도 종가 문적 2건을 소장한 녹우당 박물관.,A museum at Nogudang holding 2 Treasures: the Haenam Yun family painting albums and Yun Seon-do's family documents.,,"국가유산 보물 소재지(보물 2건, 2026-10-04 국가유산 기본정보)","좌표 수기 입력(소재지 주소 기준, 지도 검증 필요, 2026-10-04)"
가평,,1,가평 대원사,Daewonsa Temple (Gapyeong),herit,37.8960,127.4370,41820,가평군,보물 불과환오선사벽암록 1건을 소장한 사찰.,"A temple holding 1 Treasure, a Blue Cliff Record edition.",,"국가유산 보물 소재지(보물 1건, 2026-10-04 국가유산 기본정보)","좌표 수기 입력(소재지 주소 기준, 지도 검증 필요, 2026-10-04) · 대략 위치"
강릉,,1,강릉시립박물관,Gangneung Municipal Museum,herit,37.7792,128.8780,51150,강릉시,보물 강릉 한송사지 석조보살좌상을 소장한 오죽헌 시립박물관.,The municipal museum at Ojukheon holding the Treasure stone seated bodhisattva from Hansongsa.,,"국가유산 보물 소재지(보물 1건, 2026-10-04 국가유산 기본정보)","좌표 수기 입력(소재지 주소 기준, 지도 검증 필요, 2026-10-04)"
강릉,,1,강릉 경포대,Gyeongpodae Pavilion,herit,37.7953,128.8968,51150,강릉시,보물로 지정된 경포호 옆 누각 강릉 경포대.,"Gyeongpodae, a Treasure-designated pavilion overlooking Gyeongpo Lake.",,"국가유산 보물 소재지(보물 1건, 2026-10-04 국가유산 기본정보)","좌표 수기 입력(소재지 주소 기준, 지도 검증 필요, 2026-10-04)"
강릉,,1,강릉향교,Gangneung Hyanggyo,herit,37.7636,128.8953,51150,강릉시,보물 강릉향교 대성전이 있는 향교 제향 공간.,"The shrine hall of Gangneung Hyanggyo, designated a Treasure.",,"국가유산 보물 소재지(보물 1건, 2026-10-04 국가유산 기본정보)","좌표 수기 입력(소재지 주소 기준, 지도 검증 필요, 2026-10-04)"
강릉,,1,강릉 대창리 당간지주,Daechang-ri Flagpole Supports (Gangneung),herit,37.7608,128.9011,51150,강릉시,보물로 지정된 통일신라 당간지주 강릉 대창리 당간지주.,Treasure-designated Unified Silla flagpole supports in Daechang-ri.,,"국가유산 보물 소재지(보물 1건, 2026-10-04 국가유산 기본정보)","좌표 수기 입력(소재지 주소 기준, 지도 검증 필요, 2026-10-04)"
강릉,,1,강릉 수문리 당간지주,Sumun-ri Flagpole Supports (Gangneung),herit,37.7564,128.9036,51150,강릉시,보물로 지정된 통일신라 당간지주 강릉 수문리 당간지주.,Treasure-designated Unified Silla flagpole supports in Sumun-ri.,1,"국가유산 보물 소재지(보물 1건, 2026-10-04 국가유산 기본정보)","좌표 수기 입력(소재지 주소 기준, 지도 검증 필요, 2026-10-04)"
강릉,,1,강릉 칠사당,Chilsadang (Gangneung),herit,37.7540,128.8960,51150,강릉시,보물로 지정된 강릉대도호부 관아의 동헌 건물 강릉 칠사당.,"Chilsadang, a Treasure-designated government office hall of Gangneung.",1,"국가유산 보물 소재지(보물 1건, 2026-10-04 국가유산 기본정보)","좌표 수기 입력(소재지 주소 기준, 지도 검증 필요, 2026-10-04)"
강릉,,1,강릉 해운정,Haeunjeong Pavilion (Gangneung),herit,37.7862,128.8911,51150,강릉시,보물로 지정된 경포호 인근 정자 강릉 해운정.,"Haeunjeong, a Treasure-designated pavilion near Gyeongpo Lake.",,"국가유산 보물 소재지(보물 1건, 2026-10-04 국가유산 기본정보)","좌표 수기 입력(소재지 주소 기준, 지도 검증 필요, 2026-10-04)"
강진,,1,강진 고성사,Goseongsa Temple (Gangjin),herit,34.6583,126.7653,46810,강진군,보물 고성사 청동보살좌상을 간직한 강진읍 보은산 사찰.,A temple in Gangjin holding the Treasure bronze seated bodhisattva.,,"국가유산 보물 소재지(보물 1건, 2026-10-04 국가유산 기본정보)","좌표 수기 입력(소재지 주소 기준, 지도 검증 필요, 2026-10-04)"
강진,,1,강진 금곡사,Geumgoksa Temple (Gangjin),herit,34.6750,126.8010,46810,강진군,보물 강진 금곡사 삼층석탑을 품은 군동면 까치내재 아래의 사찰.,A temple in Gundong-myeon home to the treasure Three-story Stone Pagoda of Geumgoksa.,,"국가유산 보물 소재지(보물 1건, 2026-10-04 국가유산 기본정보)","좌표 수기 입력(소재지 주소 기준, 지도 검증 필요, 2026-10-04) · 대략 위치"
강진,,1,강진 정수사,Jeongsusa Temple (Gangjin),herit,34.5760,126.8080,46810,강진군,보물 강진 정수사 석가여래삼불좌상을 모신 천개산 자락의 사찰.,A temple on Cheongaesan enshrining the treasure Seated Sakyamuni Buddha Triad of Jeongsusa.,,"국가유산 보물 소재지(보물 1건, 2026-10-04 국가유산 기본정보)","좌표 수기 입력(소재지 주소 기준, 지도 검증 필요, 2026-10-04) · 대략 위치"
강진,,1,강진 해남윤씨 영모당,Yeongmodang Shrine of the Haenam Yun Clan,herit,34.5480,126.7250,46810,강진군,해남윤씨 중시조를 모신 재실로 보물로 지정된 강진 해남윤씨 영모당.,"Yeongmodang, a Haenam Yun clan ancestral hall in Doam-myeon designated a treasure.",,"국가유산 보물 소재지(보물 1건, 2026-10-04 국가유산 기본정보)","좌표 수기 입력(소재지 주소 기준, 지도 검증 필요, 2026-10-04) · 대략 위치"
강진,,1,강진 해남윤씨 추원당,Chuwondang Shrine of the Haenam Yun Clan,herit,34.5650,126.7380,46810,강진군,해남윤씨 덕정동파 재실로 보물로 지정된 강진 해남윤씨 추원당.,"Chuwondang, a Haenam Yun clan ancestral hall in Doam-myeon designated a treasure.",,"국가유산 보물 소재지(보물 1건, 2026-10-04 국가유산 기본정보)","좌표 수기 입력(소재지 주소 기준, 지도 검증 필요, 2026-10-04) · 대략 위치"
거제,,1,거제 기성관,Giseonggwan Hall (Geoje),herit,34.8508,128.5878,48310,거제시,거제면 옛 관아 객사로 보물로 지정된 거제 기성관.,"Giseonggwan, the former guesthouse of the Geoje county office, designated a treasure.",,"국가유산 보물 소재지(보물 1건, 2026-10-04 국가유산 기본정보)","좌표 수기 입력(소재지 주소 기준, 지도 검증 필요, 2026-10-04)"
거제,,1,거제 총명사,Chongmyeongsa Temple (Geoje),herit,34.8690,128.7270,48310,거제시,보물 예념미타도량참법 권6∼10을 소장한 장승포의 사찰.,"A temple in Jangseungpo holding the treasure Yenyeom Mitadoryang Chambeop, vols. 6–10.",,"국가유산 보물 소재지(보물 1건, 2026-10-04 국가유산 기본정보)","좌표 수기 입력(소재지 주소 기준, 지도 검증 필요, 2026-10-04)"
거창,,1,거창 가섭암지 마애여래삼존입상,Gaseopam Temple Site Rock-carved Buddha Triad,herit,35.7344,127.7939,48880,거창군,금원산 가섭암지 바위에 새긴 보물 거창 가섭암지 마애여래삼존입상.,The treasure Rock-carved Standing Buddha Triad carved at the Gaseopam temple site on Geumwonsan.,,"국가유산 보물 소재지(보물 1건, 2026-10-04 국가유산 기본정보)","좌표 수기 입력(소재지 주소 기준, 지도 검증 필요, 2026-10-04)"
거창,,1,거창공립박물관,Geochang Museum,herit,35.6830,127.9085,48880,거창군,보물 연안이씨 종중 문적을 소장한 거창읍의 공립박물관.,A public museum in Geochang-eup holding the treasure Documents of the Yeonan Yi Clan.,,"국가유산 보물 소재지(보물 1건, 2026-10-04 국가유산 기본정보)","좌표 수기 입력(소재지 주소 기준, 지도 검증 필요, 2026-10-04) · 대략 위치"
거창,,1,거창 농산리 석조여래입상,Stone Standing Buddha in Nongsan-ri (Geochang),herit,35.7700,127.8144,48880,거창군,북상면 농산리 산자락에 선 보물 거창 농산리 석조여래입상.,"The treasure Stone Standing Buddha on a hillside in Nongsan-ri, Buksang-myeon.",,"국가유산 보물 소재지(보물 1건, 2026-10-04 국가유산 기본정보)","좌표 수기 입력(소재지 주소 기준, 지도 검증 필요, 2026-10-04)"
거창,,1,거창 상림리 석조보살입상,Stone Standing Bodhisattva in Sangnim-ri (Geochang),herit,35.6990,127.9030,48880,거창군,거창읍 상림리에 선 보물 거창 상림리 석조보살입상.,"The treasure Stone Standing Bodhisattva in Sangnim-ri, Geochang-eup.",,"국가유산 보물 소재지(보물 1건, 2026-10-04 국가유산 기본정보)","좌표 수기 입력(소재지 주소 기준, 지도 검증 필요, 2026-10-04) · 대략 위치"
거창,,1,거창 심우사,Simusa Temple (Geochang),herit,35.6800,127.9200,48880,거창군,보물 거창 심우사 목조아미타여래좌상을 모신 거창읍의 사찰.,A temple in Geochang-eup enshrining the treasure Wooden Seated Amitabha Buddha of Simusa.,,"국가유산 보물 소재지(보물 1건, 2026-10-04 국가유산 기본정보)","좌표 수기 입력(소재지 주소 기준, 지도 검증 필요, 2026-10-04) · 대략 위치"
거창,,1,거창 양평리 석조여래입상,Stone Standing Buddha in Yangpyeong-ri (Geochang),herit,35.6770,127.9370,48880,거창군,거창읍 양평리 금양사 경내의 보물 거창 양평리 석조여래입상.,"The treasure Stone Standing Buddha in Yangpyeong-ri, Geochang-eup.",,"국가유산 보물 소재지(보물 1건, 2026-10-04 국가유산 기본정보)","좌표 수기 입력(소재지 주소 기준, 지도 검증 필요, 2026-10-04) · 대략 위치"
경산,,1,경산 경흥사,Gyeongheungsa Temple (Gyeongsan),herit,35.7650,128.7780,47290,경산시,보물 경산 경흥사 목조석가여래삼존좌상을 모신 남천면의 사찰.,A temple in Namcheon-myeon enshrining the treasure Wooden Seated Sakyamuni Buddha Triad of Gyeongheungsa.,,"국가유산 보물 소재지(보물 1건, 2026-10-04 국가유산 기본정보)","좌표 수기 입력(소재지 주소 기준, 지도 검증 필요, 2026-10-04) · 대략 위치"
경산,,1,경산 불굴사,Bulgulsa Temple (Gyeongsan),herit,35.9670,128.7740,47290,경산시,보물 경산 불굴사 삼층석탑이 서 있는 팔공산 자락 와촌면의 사찰.,A temple in Wachon-myeon on the slopes of Palgongsan with the treasure Three-story Stone Pagoda of Bulgulsa.,,"국가유산 보물 소재지(보물 1건, 2026-10-04 국가유산 기본정보)","좌표 수기 입력(소재지 주소 기준, 지도 검증 필요, 2026-10-04) · 대략 위치"
경산,,1,경산 선본사,Seonbonsa Temple (Gyeongsan),herit,35.9881,128.7386,47290,경산시,갓바위로 불리는 보물 경산 팔공산 관봉 석조여래좌상을 관리하는 사찰.,"The temple below 'Gatbawi', the treasure Stone Seated Buddha on Gwanbong Peak of Palgongsan.",,"국가유산 보물 소재지(보물 1건, 2026-10-04 국가유산 기본정보)","좌표 수기 입력(소재지 주소 기준, 지도 검증 필요, 2026-10-04)"
경산,,1,영남대학교박물관,Yeungnam University Museum,herit,35.8340,128.7570,47290,경산시,보물 분청사기 상감모란문 매병을 소장한 영남대학교 박물관.,The university museum in Gyeongsan holding the treasure Buncheong Maebyeong with Inlaid Peony Design.,,"국가유산 보물 소재지(보물 1건, 2026-10-04 국가유산 기본정보)","좌표 수기 입력(소재지 주소 기준, 지도 검증 필요, 2026-10-04)"
경산,,1,경산 환성사,Hwanseongsa Temple (Gyeongsan),herit,35.9363,128.7660,47290,경산시,보물 경산 환성사 대웅전이 있는 팔공산 자락 하양읍의 사찰.,A temple in Hayang-eup on the slopes of Palgongsan with the treasure Daeungjeon Hall of Hwanseongsa.,,"국가유산 보물 소재지(보물 1건, 2026-10-04 국가유산 기본정보)","좌표 수기 입력(소재지 주소 기준, 지도 검증 필요, 2026-10-04)"
경주,,1,경주 (전)염불사지,Yeombulsa Temple Site (Gyeongju),herit,35.7900,129.2430,47130,경주시,남산 동쪽 기슭에 보물 경주 (전)염불사지 동·서 삼층석탑이 선 절터.,A temple site at the eastern foot of Namsan with the treasure East and West Three-story Stone Pagodas.,,"국가유산 보물 소재지(보물 1건, 2026-10-04 국가유산 기본정보)","좌표 수기 입력(소재지 주소 기준, 지도 검증 필요, 2026-10-04)"
경주,,1,경주 골굴암,Golguram Hermitage (Gyeongju),herit,35.8028,129.4053,47130,경주시,보물 경주 골굴암 마애여래좌상이 새겨진 함월산 석굴 암자.,A cave hermitage on Hamwolsan with the treasure Rock-carved Seated Buddha of Golguram.,,"국가유산 보물 소재지(보물 1건, 2026-10-04 국가유산 기본정보)","좌표 수기 입력(소재지 주소 기준, 지도 검증 필요, 2026-10-04)"
경주,,1,경주 굴불사지,Gulbulsa Temple Site (Gyeongju),herit,35.8510,129.2385,47130,경주시,보물 경주 굴불사지 석조사면불상이 남은 소금강산 기슭의 절터.,A temple site on Sogeumgangsan with the treasure Four-sided Stone Buddhas of Gulbulsa.,,"국가유산 보물 소재지(보물 1건, 2026-10-04 국가유산 기본정보)","좌표 수기 입력(소재지 주소 기준, 지도 검증 필요, 2026-10-04)"
경주,,1,경주 귀래정,Gwiraejeong Pavilion (Gyeongju),herit,36.0492,129.2461,47130,경주시,강동면에 있는 조선 후기 정자로 보물로 지정된 경주 귀래정.,"Gwiraejeong, a late-Joseon pavilion in Gangdong-myeon designated a treasure.",,"국가유산 보물 소재지(보물 1건, 2026-10-04 국가유산 기본정보)","좌표 수기 입력(소재지 주소 기준, 지도 검증 필요, 2026-10-04)"
경주,,1,경주 남간사지,Namgansa Temple Site (Gyeongju),herit,35.8180,129.2150,47130,경주시,보물 경주 남간사지 당간지주가 남은 탑동의 절터.,A temple site in Tap-dong with the treasure Flagpole Supports of Namgansa.,,"국가유산 보물 소재지(보물 1건, 2026-10-04 국가유산 기본정보)","좌표 수기 입력(소재지 주소 기준, 지도 검증 필요, 2026-10-04)"
경주,,1,경주 남사리 삼층석탑,Three-story Stone Pagoda in Namsa-ri (Gyeongju),herit,35.8950,129.1770,47130,경주시,현곡면 남사리에 선 보물 경주 남사리 삼층석탑.,"The treasure Three-story Stone Pagoda in Namsa-ri, Hyeongok-myeon.",,"국가유산 보물 소재지(보물 1건, 2026-10-04 국가유산 기본정보)","좌표 수기 입력(소재지 주소 기준, 지도 검증 필요, 2026-10-04) · 대략 위치"
경주,,1,경주 남산 미륵곡 석조여래좌상,"Stone Seated Buddha in Mireukgok, Namsan",herit,35.8015,129.2365,47130,경주시,남산 미륵골 보리사에 모신 보물 경주 남산 미륵곡 석조여래좌상.,The treasure Stone Seated Buddha in Mireukgok Valley at Borisa on Namsan.,,"국가유산 보물 소재지(보물 1건, 2026-10-04 국가유산 기본정보)","좌표 수기 입력(소재지 주소 기준, 지도 검증 필요, 2026-10-04)"
경주,,1,경주 남산 불곡 마애여래좌상,"Rock-carved Seated Buddha in Bulgok, Namsan",herit,35.8140,129.2350,47130,경주시,남산 부처골 감실에 새긴 보물 경주 남산 불곡 마애여래좌상.,"The treasure Rock-carved Seated Buddha in a niche in Bulgok Valley, Namsan.",,"국가유산 보물 소재지(보물 1건, 2026-10-04 국가유산 기본정보)","좌표 수기 입력(소재지 주소 기준, 지도 검증 필요, 2026-10-04)"
경주,,1,경주 남산 신선암 마애보살반가상,"Rock-carved Bodhisattva at Sinseonam, Namsan",herit,35.7840,129.2340,47130,경주시,남산 봉화골 절벽에 새긴 보물 경주 남산 신선암 마애보살반가상.,"The treasure Rock-carved Half-seated Bodhisattva on a cliff at Sinseonam, Namsan.",,"국가유산 보물 소재지(보물 1건, 2026-10-04 국가유산 기본정보)","좌표 수기 입력(소재지 주소 기준, 지도 검증 필요, 2026-10-04)"
경주,,1,경주 남산 용장계 지곡 제3사지 삼층석탑,"Three-story Pagoda at Jigok Temple Site 3, Namsan",herit,35.7790,129.2290,47130,경주시,남산 용장계 지곡 절터에 선 보물 경주 남산 용장계 지곡 제3사지 삼층석탑.,"The treasure Three-story Stone Pagoda at Temple Site No. 3 in Jigok Valley, Namsan.",,"국가유산 보물 소재지(보물 1건, 2026-10-04 국가유산 기본정보)","좌표 수기 입력(소재지 주소 기준, 지도 검증 필요, 2026-10-04) · 대략 위치"
경주,,1,경주 남산 용장사곡 삼층석탑,"Three-story Stone Pagoda in Yongjangsagok, Namsan",herit,35.7792,129.2217,47130,경주시,남산 용장골 바위 봉우리 위에 선 보물 경주 남산 용장사곡 삼층석탑.,"The treasure Three-story Stone Pagoda atop a rocky ridge in Yongjangsagok Valley, Namsan.",1,"국가유산 보물 소재지(보물 1건, 2026-10-04 국가유산 기본정보)","좌표 수기 입력(소재지 주소 기준, 지도 검증 필요, 2026-10-04)"
경주,,1,경주 남산 용장사곡 석조여래좌상,"Stone Seated Buddha in Yongjangsagok, Namsan",herit,35.7785,129.2212,47130,경주시,원형 대좌 위에 앉은 보물 경주 남산 용장사곡 석조여래좌상.,"The treasure Stone Seated Buddha on a round pedestal in Yongjangsagok Valley, Namsan.",,"국가유산 보물 소재지(보물 1건, 2026-10-04 국가유산 기본정보)","좌표 수기 입력(소재지 주소 기준, 지도 검증 필요, 2026-10-04)"
경주,,1,경주 남산 용장사지 마애여래좌상,"Rock-carved Seated Buddha at Yongjangsa Site, Namsan",herit,35.7783,129.2214,47130,경주시,용장사터 바위에 새긴 보물 경주 남산 용장사지 마애여래좌상.,"The treasure Rock-carved Seated Buddha at the Yongjangsa temple site, Namsan.",,"국가유산 보물 소재지(보물 1건, 2026-10-04 국가유산 기본정보)","좌표 수기 입력(소재지 주소 기준, 지도 검증 필요, 2026-10-04)"
경주,,1,경주 남산 창림사지 삼층석탑,Changnimsa Temple Site Three-story Pagoda,herit,35.7930,129.2190,47130,경주시,남산 서쪽 창림사터에 선 보물 경주 남산 창림사지 삼층석탑.,The treasure Three-story Stone Pagoda at the Changnimsa temple site on western Namsan.,,"국가유산 보물 소재지(보물 1건, 2026-10-04 국가유산 기본정보)","좌표 수기 입력(소재지 주소 기준, 지도 검증 필요, 2026-10-04)"
경주,,1,경주 남산 천룡사지 삼층석탑,Cheollyongsa Temple Site Three-story Pagoda,herit,35.7500,129.2260,47130,경주시,남산 고위산 천룡사터에 선 보물 경주 남산 천룡사지 삼층석탑.,"The treasure Three-story Stone Pagoda at the Cheollyongsa temple site below Gowisan, Namsan.",,"국가유산 보물 소재지(보물 1건, 2026-10-04 국가유산 기본정보)","좌표 수기 입력(소재지 주소 기준, 지도 검증 필요, 2026-10-04) · 대략 위치"
경주,,1,경주 남산 탑곡 마애불상군,"Rock-carved Buddhas in Tapgok, Namsan",herit,35.8080,129.2360,47130,경주시,남산 탑골 큰 바위 사면에 새긴 보물 경주 남산 탑곡 마애불상군.,"The treasure group of Rock-carved Buddhas on all sides of a boulder in Tapgok Valley, Namsan.",,"국가유산 보물 소재지(보물 1건, 2026-10-04 국가유산 기본정보)","좌표 수기 입력(소재지 주소 기준, 지도 검증 필요, 2026-10-04)"
경주,,1,경주 남산동 동·서 삼층석탑,East and West Pagodas in Namsan-dong (Gyeongju),herit,35.7931,129.2439,47130,경주시,남산 동쪽 마을에 마주 선 보물 경주 남산동 동·서 삼층석탑.,The treasure East and West Three-story Stone Pagodas in Namsan-dong village.,,"국가유산 보물 소재지(보물 1건, 2026-10-04 국가유산 기본정보)","좌표 수기 입력(소재지 주소 기준, 지도 검증 필요, 2026-10-04)"
경주,,1,경주 낭산 마애보살삼존좌상,Rock-carved Bodhisattva Triad on Nangsan,herit,35.8240,129.2350,47130,경주시,낭산 바위에 새긴 보물 경주 낭산 마애보살삼존좌상.,The treasure Rock-carved Seated Bodhisattva Triad on Nangsan hill.,,"국가유산 보물 소재지(보물 1건, 2026-10-04 국가유산 기본정보)","좌표 수기 입력(소재지 주소 기준, 지도 검증 필요, 2026-10-04)"
경주,,1,경주향교,Gyeongju Hyanggyo,herit,35.8295,129.2155,47130,경주시,보물 경주향교 대성전이 있는 교촌마을의 옛 향교.,The Confucian school in Gyochon village whose Daeseongjeon shrine hall is a treasure.,,"국가유산 보물 소재지(보물 1건, 2026-10-04 국가유산 기본정보)","좌표 수기 입력(소재지 주소 기준, 지도 검증 필요, 2026-10-04)"
경주,,1,경주 독락당,Dongnakdang House (Gyeongju),herit,36.0169,129.1600,47130,경주시,이언적이 지은 안강 옥산리의 사랑채로 보물인 경주 독락당.,"Dongnakdang in Oksan-ri, Angang, the scholar Yi Eon-jeok's retreat and a treasure.",,"국가유산 보물 소재지(보물 1건, 2026-10-04 국가유산 기본정보)","좌표 수기 입력(소재지 주소 기준, 지도 검증 필요, 2026-10-04)"
경주,,1,경주 동무‧서무‧신삼문,"Dongmu, Seomu and Sinsammun, Gyeongju Hyanggyo",herit,35.8296,129.2154,47130,경주시,보물 경주향교 동무‧서무‧신삼문을 갖춘 교촌마을의 향교.,"The Gyeongju Hyanggyo shrine wings and spirit gate, designated treasures.",,"국가유산 보물 소재지(보물 1건, 2026-10-04 국가유산 기본정보)","좌표 수기 입력(소재지 주소 기준, 지도 검증 필요, 2026-10-04)"
경주,,1,경주 마동 삼층석탑,Three-story Stone Pagoda in Ma-dong (Gyeongju),herit,35.7950,129.3130,47130,경주시,불국사 서쪽 마동 들판에 선 보물 경주 마동 삼층석탑.,"The treasure Three-story Stone Pagoda in Ma-dong, west of Bulguksa.",,"국가유산 보물 소재지(보물 1건, 2026-10-04 국가유산 기본정보)","좌표 수기 입력(소재지 주소 기준, 지도 검증 필요, 2026-10-04) · 대략 위치"
경주,,1,경주 망덕사지,Mangdeoksa Temple Site (Gyeongju),herit,35.8165,129.2290,47130,경주시,보물 경주 망덕사지 당간지주가 남은 사천왕사 남쪽의 절터.,A temple site south of Sacheonwangsa with the treasure Flagpole Supports of Mangdeoksa.,,"국가유산 보물 소재지(보물 1건, 2026-10-04 국가유산 기본정보)","좌표 수기 입력(소재지 주소 기준, 지도 검증 필요, 2026-10-04)"
경주,,1,경주 미탄사지,Mitansa Temple Site (Gyeongju),herit,35.8320,129.2300,47130,경주시,황룡사지 남쪽에 보물 경주 미탄사지 삼층석탑이 선 절터.,A temple site south of Hwangnyongsa with the treasure Three-story Stone Pagoda of Mitansa.,,"국가유산 보물 소재지(보물 1건, 2026-10-04 국가유산 기본정보)","좌표 수기 입력(소재지 주소 기준, 지도 검증 필요, 2026-10-04)"
경주,,1,경주 배동 석조여래삼존입상,Stone Buddha Triad in Bae-dong (Gyeongju),herit,35.7861,129.2056,47130,경주시,남산 서쪽 삼불사에 모신 보물 경주 배동 석조여래삼존입상.,The treasure Stone Standing Buddha Triad at Sambulsa on western Namsan.,,"국가유산 보물 소재지(보물 1건, 2026-10-04 국가유산 기본정보)","좌표 수기 입력(소재지 주소 기준, 지도 검증 필요, 2026-10-04)"
경주,,1,경주 삼랑사지,Samnangsa Temple Site (Gyeongju),herit,35.8445,129.2075,47130,경주시,보물 경주 삼랑사지 당간지주가 남은 성건동의 절터.,A temple site in Seonggeon-dong with the treasure Flagpole Supports of Samnangsa.,1,"국가유산 보물 소재지(보물 1건, 2026-10-04 국가유산 기본정보)","좌표 수기 입력(소재지 주소 기준, 지도 검증 필요, 2026-10-04)"
경주,,1,경주 서악동 귀부,Turtle Pedestal in Seoak-dong (Gyeongju),herit,35.8355,129.1945,47130,경주시,서악동 고분군 곁에 남은 보물 경주 서악동 귀부.,The treasure stone turtle pedestal beside the Seoak-dong royal tombs.,,"국가유산 보물 소재지(보물 1건, 2026-10-04 국가유산 기본정보)","좌표 수기 입력(소재지 주소 기준, 지도 검증 필요, 2026-10-04) · 대략 위치"
경주,,1,경주 서악동 마애여래삼존입상,Rock-carved Buddha Triad in Seoak-dong (Gyeongju),herit,35.8281,129.1844,47130,경주시,선도산 정상부 바위에 새긴 보물 경주 서악동 마애여래삼존입상.,The treasure Rock-carved Standing Buddha Triad near the summit of Seondosan.,,"국가유산 보물 소재지(보물 1건, 2026-10-04 국가유산 기본정보)","좌표 수기 입력(소재지 주소 기준, 지도 검증 필요, 2026-10-04)"
경주,,1,경주 서악동 삼층석탑,Three-story Stone Pagoda in Seoak-dong (Gyeongju),herit,35.8345,129.1915,47130,경주시,무열왕릉 뒤편 서악서원 곁에 선 보물 경주 서악동 삼층석탑.,The treasure Three-story Stone Pagoda behind the Seoak-dong royal tombs.,1,"국가유산 보물 소재지(보물 1건, 2026-10-04 국가유산 기본정보)","좌표 수기 입력(소재지 주소 기준, 지도 검증 필요, 2026-10-04)"
경주,,1,경주 석빙고,Seokbinggo Ice Storage (Gyeongju),herit,35.8320,129.2240,47130,경주시,월성 안에 남은 조선시대 얼음 창고로 보물인 경주 석빙고.,"Seokbinggo, a Joseon-era stone ice house within Wolseong fortress, designated a treasure.",,"국가유산 보물 소재지(보물 1건, 2026-10-04 국가유산 기본정보)","좌표 수기 입력(소재지 주소 기준, 지도 검증 필요, 2026-10-04)"
경주,,1,경주 양동 관가정,"Gwangajeong House, Yangdong Village",herit,35.9985,129.2565,47130,경주시,양동마을 입구 언덕의 고택으로 보물인 경주 양동 관가정.,"Gwangajeong, a hillside house at the entrance of Yangdong Village and a treasure.",,"국가유산 보물 소재지(보물 1건, 2026-10-04 국가유산 기본정보)","좌표 수기 입력(소재지 주소 기준, 지도 검증 필요, 2026-10-04)"
경주,,1,경주 양동 무첨당,"Mucheomdang House, Yangdong Village",herit,36.0002,129.2540,47130,경주시,여강이씨 종가의 별당으로 보물인 경주 양동 무첨당.,"Mucheomdang, the annex of the Yeogang Yi head house in Yangdong Village and a treasure.",,"국가유산 보물 소재지(보물 1건, 2026-10-04 국가유산 기본정보)","좌표 수기 입력(소재지 주소 기준, 지도 검증 필요, 2026-10-04)"
경주,,1,경주 양동 향단,"Hyangdan House, Yangdong Village",herit,35.9992,129.2556,47130,경주시,양동마을 중심 언덕의 독특한 고택으로 보물인 경주 양동 향단.,"Hyangdan, a distinctive hillside house in Yangdong Village designated a treasure.",,"국가유산 보물 소재지(보물 1건, 2026-10-04 국가유산 기본정보)","좌표 수기 입력(소재지 주소 기준, 지도 검증 필요, 2026-10-04)"
경주,,1,경주 용명리 삼층석탑,Three-story Stone Pagoda in Yongmyeong-ri (Gyeongju),herit,35.8694,129.1217,47130,경주시,건천읍 용명리 들판에 선 보물 경주 용명리 삼층석탑.,"The treasure Three-story Stone Pagoda in Yongmyeong-ri, Geoncheon-eup.",,"국가유산 보물 소재지(보물 1건, 2026-10-04 국가유산 기본정보)","좌표 수기 입력(소재지 주소 기준, 지도 검증 필요, 2026-10-04)"
경주,,1,경주 원성왕릉 석상 및 석주일괄,Stone Statues at the Tomb of King Wonseong,herit,35.7581,129.3194,47130,경주시,괘릉 앞을 지키는 보물 경주 원성왕릉 석상 및 석주일괄.,The treasure stone figures and pillars guarding the Tomb of King Wonseong (Gwaereung).,,"국가유산 보물 소재지(보물 1건, 2026-10-04 국가유산 기본정보)","좌표 수기 입력(소재지 주소 기준, 지도 검증 필요, 2026-10-04)"
경주,,1,경주 원원사지,Wonwonsa Temple Site (Gyeongju),herit,35.6973,129.3503,47130,경주시,보물 경주 원원사지 동·서 삼층석탑이 선 외동읍 모화리의 절터.,A temple site in Mohwa-ri with the treasure East and West Three-story Stone Pagodas of Wonwonsa.,,"국가유산 보물 소재지(보물 1건, 2026-10-04 국가유산 기본정보)","좌표 수기 입력(소재지 주소 기준, 지도 검증 필요, 2026-10-04)"
경주,,1,경주 율동 마애여래삼존입상,Rock-carved Buddha Triad in Yul-dong (Gyeongju),herit,35.8180,129.1640,47130,경주시,벽도산 바위에 새긴 보물 경주 율동 마애여래삼존입상.,The treasure Rock-carved Standing Buddha Triad on Byeokdosan in Yul-dong.,,"국가유산 보물 소재지(보물 1건, 2026-10-04 국가유산 기본정보)","좌표 수기 입력(소재지 주소 기준, 지도 검증 필요, 2026-10-04) · 대략 위치"
경주,,1,경주 천군동 동·서 삼층석탑,East and West Pagodas in Cheongun-dong (Gyeongju),herit,35.8319,129.2817,47130,경주시,보문단지 남쪽 절터에 마주 선 보물 경주 천군동 동·서 삼층석탑.,The treasure East and West Three-story Stone Pagodas at a temple site in Cheongun-dong.,,"국가유산 보물 소재지(보물 1건, 2026-10-04 국가유산 기본정보)","좌표 수기 입력(소재지 주소 기준, 지도 검증 필요, 2026-10-04)"
경주,,1,경주 황남동 효자 손시양 정려비,Stele for Filial Son Son Si-yang (Gyeongju),herit,35.8380,129.2120,47130,경주시,고려 효자 손시양을 기린 보물 경주 황남동 효자 손시양 정려비.,The treasure Goryeo-era stele honoring the filial son Son Si-yang in Hwangnam-dong.,1,"국가유산 보물 소재지(보물 1건, 2026-10-04 국가유산 기본정보)","좌표 수기 입력(소재지 주소 기준, 지도 검증 필요, 2026-10-04)"
경주,,1,경주 효현동 삼층석탑,Three-story Stone Pagoda in Hyohyeon-dong (Gyeongju),herit,35.8240,129.1720,47130,경주시,법흥왕릉 인근 효현동에 선 보물 경주 효현동 삼층석탑.,The treasure Three-story Stone Pagoda in Hyohyeon-dong near the Tomb of King Beopheung.,,"국가유산 보물 소재지(보물 1건, 2026-10-04 국가유산 기본정보)","좌표 수기 입력(소재지 주소 기준, 지도 검증 필요, 2026-10-04) · 대략 위치"
고령,,1,고령 장기리 암각화,Petroglyphs in Janggi-ri (Goryeong),herit,35.7125,128.2917,47830,고령군,알터마을 바위에 동심원 무늬를 새긴 보물 고령 장기리 암각화.,"The treasure rock carvings of concentric circles at Alteo village, Janggi-ri.",,"국가유산 보물 소재지(보물 1건, 2026-10-04 국가유산 기본정보)","좌표 수기 입력(소재지 주소 기준, 지도 검증 필요, 2026-10-04)"
고령,,1,고령 지산리 당간지주,Flagpole Supports in Jisan-ri (Goryeong),herit,35.7260,128.2640,47830,고령군,대가야읍 지산리에 남은 보물 고령 지산리 당간지주.,"The treasure stone flagpole supports in Jisan-ri, Daegaya-eup.",,"국가유산 보물 소재지(보물 1건, 2026-10-04 국가유산 기본정보)","좌표 수기 입력(소재지 주소 기준, 지도 검증 필요, 2026-10-04) · 대략 위치"
고성(강원),,1,고성 건봉사,Geonbongsa Temple (Goseong),herit,38.4033,128.3781,51820,고성군,보물 고성 건봉사 능파교가 있는 거진읍 민통선 인근의 고찰.,An old temple near the DMZ in Geojin-eup with the treasure Neungpagyo Bridge.,,"국가유산 보물 소재지(보물 1건, 2026-10-04 국가유산 기본정보)","좌표 수기 입력(소재지 주소 기준, 지도 검증 필요, 2026-10-04)"
고성,,1,고성 운흥사,Unheungsa Temple (Goseong),herit,34.9586,128.1538,48820,고성군,보물 고성 운흥사 관음보살도를 소장한 하이면 와룡산 자락의 사찰.,A temple on Waryongsan in Hai-myeon holding the treasure Avalokitesvara Painting of Unheungsa.,,"국가유산 보물 소재지(보물 1건, 2026-10-04 국가유산 기본정보)","좌표 수기 입력(소재지 주소 기준, 지도 검증 필요, 2026-10-04)"
고성(강원),,1,고성 육송정 홍교,Yuksongjeong Arch Bridge (Goseong),herit,38.3700,128.4480,51820,고성군,간성읍 해상리 개울에 놓인 무지개다리 보물 고성 육송정 홍교.,"The treasure stone arch bridge of Yuksongjeong over a stream in Haesang-ri, Ganseong-eup.",,"국가유산 보물 소재지(보물 1건, 2026-10-04 국가유산 기본정보)","좌표 수기 입력(소재지 주소 기준, 지도 검증 필요, 2026-10-04) · 대략 위치"
고흥,,1,고흥 금탑사,Geumtapsa Temple (Goheung),herit,34.5429,127.2874,12740,고흥군,보물 금탑사 괘불탱을 소장한 천등산 비자나무 숲 속 사찰.,A temple in the nutmeg-yew forest of Cheondeungsan holding the treasure Hanging Painting of Geumtapsa.,,"국가유산 보물 소재지(보물 1건, 2026-10-04 국가유산 기본정보)","좌표 수기 입력(소재지 주소 기준, 지도 검증 필요, 2026-10-04)"
고흥,,1,고흥 여산송씨 쌍충 정려각,Shrine Gate of the Yeosan Song Clan's Loyal Pair,herit,34.7600,127.3470,12740,고흥군,송대립·송침 부자를 기린 보물 고흥 여산송씨 쌍충 정려각.,The treasure memorial gate honoring Song Dae-rip and his son Song Chim in Donggang-myeon.,,"국가유산 보물 소재지(보물 1건, 2026-10-04 국가유산 기본정보)","좌표 수기 입력(소재지 주소 기준, 지도 검증 필요, 2026-10-04) · 대략 위치"
곡성,,1,곡성 가곡리 오층석탑,Five-story Stone Pagoda in Gagok-ri (Gokseong),herit,35.2650,127.2200,12720,곡성군,오산면 가곡리에 선 고려 석탑 보물 곡성 가곡리 오층석탑.,"The treasure Goryeo-era Five-story Stone Pagoda in Gagok-ri, Osan-myeon.",,"국가유산 보물 소재지(보물 1건, 2026-10-04 국가유산 기본정보)","좌표 수기 입력(소재지 주소 기준, 지도 검증 필요, 2026-10-04) · 대략 위치"
광명,,1,충현박물관,Chunghyeon Museum,herit,37.4340,126.8840,41210,광명시,보물 이원익 초상을 소장한 오리 이원익 종가의 박물관.,The museum of Yi Won-ik's head family in Soha-dong holding the treasure Portrait of Yi Won-ik.,,"국가유산 보물 소재지(보물 1건, 2026-10-04 국가유산 기본정보)","좌표 수기 입력(소재지 주소 기준, 지도 검증 필요, 2026-10-04)"
광양,,1,광양 중흥산성 삼층석탑,Three-story Pagoda at Jungheungsanseong (Gwangyang),herit,35.0280,127.6220,12190,광양시,백계산 중흥산성 안 중흥사 터에 선 보물 광양 중흥산성 삼층석탑.,The treasure Three-story Stone Pagoda inside Jungheungsanseong fortress on Baekgyesan.,,"국가유산 보물 소재지(보물 1건, 2026-10-04 국가유산 기본정보)","좌표 수기 입력(소재지 주소 기준, 지도 검증 필요, 2026-10-04) · 대략 위치"
광주,,1,광주역사민속박물관,Gwangju History and Folk Museum,herit,35.1810,126.8860,12300,북구,보물 정지장군 갑옷을 소장한 용봉동의 시립 박물관.,Gwangju's municipal history museum holding the treasure Armor of General Jeong Ji.,1,"국가유산 보물 소재지(보물 1건, 2026-10-04 국가유산 기본정보)","좌표 수기 입력(소재지 주소 기준, 지도 검증 필요, 2026-10-04)"
경기광주,,1,광주 대법사,"Daebeopsa Temple (Gwangju, Gyeonggi)",herit,37.3920,127.2880,41610,광주시,보물 대불정여래밀인수증요의제보살만행수능엄경(언해) 권3을 소장한 초월읍의 사찰.,"A temple in Chowol-eup holding the treasure Korean-annotated Surangama Sutra, vol. 3.",,"국가유산 보물 소재지(보물 1건, 2026-10-04 국가유산 기본정보)","좌표 수기 입력(소재지 주소 기준, 지도 검증 필요, 2026-10-04) · 대략 위치"
광주,,1,광주 덕림사,Deongnimsa Temple (Gwangju),herit,35.1440,126.8990,12270,남구,보물 광주 덕림사 목조지장보살삼존상 및 시왕상 일괄을 모신 월산동의 사찰.,A temple in Wolsan-dong enshrining the treasure Wooden Ksitigarbha Triad and Ten Kings of Deongnimsa.,,"국가유산 보물 소재지(보물 1건, 2026-10-04 국가유산 기본정보)","좌표 수기 입력(소재지 주소 기준, 지도 검증 필요, 2026-10-04)"
광주,,1,광주 불상:자운사,Jaunsa Temple (Gwangju),herit,35.1525,126.9330,12210,동구,보물 광주 자운사 목조아미타여래좌상 및 복장유물을 모신 지산동의 사찰.,A temple in Jisan-dong enshrining the treasure Wooden Seated Amitabha Buddha of Jaunsa.,,"국가유산 보물 소재지(보물 1건, 2026-10-04 국가유산 기본정보)","좌표 수기 입력(소재지 주소 기준, 지도 검증 필요, 2026-10-04)"
광주,,1,광주 성거사지,Seonggeosa Temple Site (Gwangju),herit,35.1450,126.9060,12270,남구,보물 (전)광주 성거사지 오층석탑이 선 구동의 절터.,A temple site in Gu-dong with the treasure Five-story Stone Pagoda of Seonggeosa.,,"국가유산 보물 소재지(보물 1건, 2026-10-04 국가유산 기본정보)","좌표 수기 입력(소재지 주소 기준, 지도 검증 필요, 2026-10-04)"
경기광주,,1,광주 수어장대,"Sueojangdae Command Post, Namhansanseong",herit,37.4797,127.1764,41610,하남시,남한산성 서쪽 장대로 보물인 남한산성 수어장대.,"Sueojangdae, the western command post of Namhansanseong fortress, designated a treasure.",,"국가유산 보물 소재지(보물 1건, 2026-10-04 국가유산 기본정보)","좌표 수기 입력(소재지 주소 기준, 지도 검증 필요, 2026-10-04)"
경기광주,,1,광주 숭렬전,"Sungnyeoljeon Shrine, Namhansanseong",herit,37.4790,127.1810,41610,하남시,백제 온조왕을 모신 사당으로 보물인 남한산성 숭렬전.,"Sungnyeoljeon, the shrine to King Onjo inside Namhansanseong, designated a treasure.",,"국가유산 보물 소재지(보물 1건, 2026-10-04 국가유산 기본정보)","좌표 수기 입력(소재지 주소 기준, 지도 검증 필요, 2026-10-04)"
광주,,1,광주 약사암,Yaksaam Hermitage (Gwangju),herit,35.1300,126.9820,12210,동구,보물 광주 약사암 석조여래좌상을 모신 무등산 증심사 위의 암자.,A Mudeungsan hermitage above Jeungsimsa enshrining the treasure Stone Seated Buddha of Yaksaam.,,"국가유산 보물 소재지(보물 1건, 2026-10-04 국가유산 기본정보)","좌표 수기 입력(소재지 주소 기준, 지도 검증 필요, 2026-10-04)"
경기광주,,1,광주 연무관,"Yeonmugwan Hall, Namhansanseong",herit,37.4790,127.1870,41610,하남시,남한산성 군사 훈련장으로 보물인 남한산성 연무관.,"Yeonmugwan, the military training hall of Namhansanseong, designated a treasure.",,"국가유산 보물 소재지(보물 1건, 2026-10-04 국가유산 기본정보)","좌표 수기 입력(소재지 주소 기준, 지도 검증 필요, 2026-10-04)"
광주,,1,광주 증심사,Jeungsimsa Temple (Gwangju),herit,35.1300,126.9750,12210,동구,보물 광주 증심사 철조비로자나불좌상을 모신 무등산 자락의 사찰.,A temple on Mudeungsan enshrining the treasure Iron Seated Vairocana Buddha of Jeungsimsa.,,"국가유산 보물 소재지(보물 1건, 2026-10-04 국가유산 기본정보)","좌표 수기 입력(소재지 주소 기준, 지도 검증 필요, 2026-10-04)"
광주,,1,광주 지산동 오층석탑,Five-story Stone Pagoda in Jisan-dong (Gwangju),herit,35.1530,126.9360,12210,동구,지산동 주택가에 선 통일신라 석탑 보물 광주 지산동 오층석탑.,The treasure Unified Silla Five-story Stone Pagoda in Jisan-dong.,,"국가유산 보물 소재지(보물 1건, 2026-10-04 국가유산 기본정보)","좌표 수기 입력(소재지 주소 기준, 지도 검증 필요, 2026-10-04)"
괴산,,1,괴산 보안사,Boansa Temple (Goesan),herit,36.7680,127.6500,43760,괴산군,보물 괴산 보안사 삼층석탑이 선 청안면 효근리의 사찰.,"A temple in Hyogeun-ri, Cheongan-myeon with the treasure Three-story Stone Pagoda of Boansa.",,"국가유산 보물 소재지(보물 1건, 2026-10-04 국가유산 기본정보)","좌표 수기 입력(소재지 주소 기준, 지도 검증 필요, 2026-10-04) · 대략 위치"
괴산,,1,괴산 원풍리 마애이불병좌상,Rock-carved Twin Seated Buddhas in Wonpung-ri (Goesan),herit,36.7919,128.0231,43760,괴산군,연풍면 바위 감실에 두 부처를 나란히 새긴 보물 괴산 원풍리 마애이불병좌상.,"The treasure twin Buddhas carved side by side in a rock niche in Wonpung-ri, Yeonpung-myeon.",,"국가유산 보물 소재지(보물 1건, 2026-10-04 국가유산 기본정보)","좌표 수기 입력(소재지 주소 기준, 지도 검증 필요, 2026-10-04)"
구례,,1,구례 윤문효공 신도비,Yun Mun-hyo Stele (Gurye),herit,35.2866,127.4162,46730,구례군,산동면 이평리 윤효손 묘 앞에 선 보물 구례 윤문효공 신도비.,"The treasure spirit-way stele of Yun Hyo-son at his tomb in Ipyeong-ri, Sandong-myeon.",,"국가유산 보물 소재지(보물 1건, 2026-10-04 국가유산 기본정보)","좌표 수기 입력(소재지 주소 기준, 지도 검증 필요, 2026-10-04)"
구례,,1,구례 논곡리 삼층석탑,Three-story Stone Pagoda in Nongok-ri (Gurye),herit,35.2322,127.3950,46730,구례군,구례읍 논곡리에 선 보물 구례 논곡리 삼층석탑.,"The treasure Three-story Stone Pagoda in Nongok-ri, Gurye-eup.",,"국가유산 보물 소재지(보물 1건, 2026-10-04 국가유산 기본정보)","좌표 수기 입력(소재지 주소 기준, 지도 검증 필요, 2026-10-04) · 대략 위치"
구리,,1,구리 동구릉 건원릉 정자각,"Jeongjagak of Geonwolleung, Donggureung",herit,37.6245,127.1325,41310,구리시,태조 건원릉 앞 제향 건물로 보물인 구리 동구릉 건원릉 정자각.,"The T-shaped ritual hall before King Taejo's tomb at Donggureung, designated a treasure.",,"국가유산 보물 소재지(보물 1건, 2026-10-04 국가유산 기본정보)","좌표 수기 입력(소재지 주소 기준, 지도 검증 필요, 2026-10-04)"
구리,,1,구리 동구릉 목릉 정자각,"Jeongjagak of Mongneung, Donggureung",herit,37.6270,127.1295,41310,구리시,선조 목릉 앞 제향 건물로 보물인 구리 동구릉 목릉 정자각.,"The ritual hall before King Seonjo's tomb Mongneung at Donggureung, designated a treasure.",,"국가유산 보물 소재지(보물 1건, 2026-10-04 국가유산 기본정보)","좌표 수기 입력(소재지 주소 기준, 지도 검증 필요, 2026-10-04)"
구리,,1,구리 동구릉 숭릉 정자각,"Jeongjagak of Sungneung, Donggureung",herit,37.6215,127.1360,41310,구리시,현종 숭릉 앞 팔작지붕 제향 건물로 보물인 구리 동구릉 숭릉 정자각.,"The ritual hall before King Hyeonjong's tomb Sungneung at Donggureung, designated a treasure.",,"국가유산 보물 소재지(보물 1건, 2026-10-04 국가유산 기본정보)","좌표 수기 입력(소재지 주소 기준, 지도 검증 필요, 2026-10-04)"
구미,,1,구미 금오산 마애여래입상,Rock-carved Standing Buddha on Geumosan,herit,36.1092,128.3094,47190,구미시,금오산 바위 모서리에 새긴 보물 구미 금오산 마애여래입상.,The treasure Rock-carved Standing Buddha on a rock edge high on Geumosan.,,"국가유산 보물 소재지(보물 1건, 2026-10-04 국가유산 기본정보)","좌표 수기 입력(소재지 주소 기준, 지도 검증 필요, 2026-10-04)"
구미,,1,구미 낙산리 삼층석탑,Three-story Stone Pagoda in Naksan-ri (Gumi),herit,36.2517,128.3619,47190,구미시,해평면 낙산리 절터에 선 모전석탑 계열의 보물 구미 낙산리 삼층석탑.,"The treasure brick-style Three-story Stone Pagoda at a temple site in Naksan-ri, Haepyeong-myeon.",,"국가유산 보물 소재지(보물 1건, 2026-10-04 국가유산 기본정보)","좌표 수기 입력(소재지 주소 기준, 지도 검증 필요, 2026-10-04)"
구미,,1,구미 도리사,Dorisa Temple (Gumi),herit,36.2558,128.3992,47190,구미시,보물 구미 도리사 석탑이 있는 냉산 자락의 신라 첫 사찰로 전하는 절.,"A temple on Naengsan said to be Silla's first, home to the treasure Stone Pagoda of Dorisa.",,"국가유산 보물 소재지(보물 1건, 2026-10-04 국가유산 기본정보)","좌표 수기 입력(소재지 주소 기준, 지도 검증 필요, 2026-10-04)"
구미,,1,구미 보천사,Bocheonsa Temple (Gumi),herit,36.2140,128.3900,47190,구미시,보물 구미 해평리 석조여래좌상을 모신 해평면의 사찰.,A temple in Haepyeong-myeon enshrining the treasure Stone Seated Buddha of Haepyeong-ri.,,"국가유산 보물 소재지(보물 1건, 2026-10-04 국가유산 기본정보)","좌표 수기 입력(소재지 주소 기준, 지도 검증 필요, 2026-10-04) · 대략 위치"
구미,,1,구미 수다사,Sudasa Temple (Gumi),herit,36.2450,128.1770,47190,구미시,보물 구미 수다사 영산회상도를 소장한 무을면 연악산의 사찰.,A temple on Yeonaksan in Mueul-myeon holding the treasure Vulture Peak Assembly Painting of Sudasa.,,"국가유산 보물 소재지(보물 1건, 2026-10-04 국가유산 기본정보)","좌표 수기 입력(소재지 주소 기준, 지도 검증 필요, 2026-10-04) · 대략 위치"
구미,,1,구미 자비사,Jabisa Temple (Gumi),herit,36.2870,128.3480,47190,구미시,보물 몽산화상법어약록(언해)을 소장한 도개면의 사찰.,A temple in Dogae-myeon holding the treasure Korean-annotated Dharma Talks of Monk Mengshan.,,"국가유산 보물 소재지(보물 1건, 2026-10-04 국가유산 기본정보)","좌표 수기 입력(소재지 주소 기준, 지도 검증 필요, 2026-10-04) · 대략 위치"
구미,,1,구미 황상동 마애여래입상,Rock-carved Standing Buddha in Hwangsang-dong (Gumi),herit,36.1166,128.4124,47190,구미시,황상동 큰 바위에 새긴 통일신라 마애불 보물 구미 황상동 마애여래입상.,The treasure Unified Silla Rock-carved Standing Buddha on a large boulder in Hwangsang-dong.,,"국가유산 보물 소재지(보물 1건, 2026-10-04 국가유산 기본정보)","좌표 수기 입력(소재지 주소 기준, 지도 검증 필요, 2026-10-04)"
군산,,1,군산 발산리 석등,Stone Lantern in Balsan-ri (Gunsan),herit,35.9592,126.7964,52130,군산시,발산초등학교 뒤뜰에 옮겨진 보물 군산 발산리 석등.,The treasure Goryeo Stone Lantern in the garden behind Balsan Elementary School.,,"국가유산 보물 소재지(보물 1건, 2026-10-04 국가유산 기본정보)","좌표 수기 입력(소재지 주소 기준, 지도 검증 필요, 2026-10-04)"
군산,,1,군산 발산리 오층석탑,Five-story Stone Pagoda in Balsan-ri (Gunsan),herit,35.9593,126.7966,52130,군산시,발산초등학교 뒤뜰에 옮겨진 보물 군산 발산리 오층석탑.,The treasure Five-story Stone Pagoda in the garden behind Balsan Elementary School.,,"국가유산 보물 소재지(보물 1건, 2026-10-04 국가유산 기본정보)","좌표 수기 입력(소재지 주소 기준, 지도 검증 필요, 2026-10-04)"
금산,,1,금산 신안사,Sinansa Temple (Geumsan),herit,36.1711,127.5792,44710,금산군,보물 금산 신안사 대광전이 있는 제원면 신안리의 사찰.,"A temple in Sinan-ri, Jewon-myeon with the treasure Daegwangjeon Hall of Sinansa.",,"국가유산 보물 소재지(보물 1건, 2026-10-04 국가유산 기본정보)","좌표 수기 입력(소재지 주소 기준, 지도 검증 필요, 2026-10-04)"
금산,,1,금산 영천암,Yeongcheonam Hermitage (Geumsan),herit,36.0835,127.4800,44710,금산군,보물 금산 영천암 무량수각을 간직한 금산의 사찰.,A Buddhist temple in Geumsan that holds a designated Treasure: Muryangsugak Hall of Yeongcheonam.,,"국가유산 보물 소재지(보물 1건, 2026-10-04 국가유산 기본정보)","좌표 수기 입력(소재지 주소 기준, 지도 검증 필요, 2026-10-04) · 대략 위치"
김제,,1,김제 내아,Gimje Naea (Magistrate's Residence),herit,35.8047,126.8854,52210,김제시,"보물로 지정된 김제의 관아 건물, 김제 내아.","Gimje Naea, a designated Treasure in Gimje.",,"국가유산 보물 소재지(보물 1건, 2026-10-04 국가유산 기본정보)","좌표 수기 입력(소재지 주소 기준, 지도 검증 필요, 2026-10-04)"
김제,,1,김제 청룡사,Cheongnyongsa Temple (Gimje),herit,35.7203,127.0650,52210,김제시,보물 김제 청룡사 목조관음보살좌상을 간직한 김제의 사찰.,A Buddhist temple in Gimje that holds a designated Treasure: a wooden seated Avalokitesvara.,,"국가유산 보물 소재지(보물 1건, 2026-10-04 국가유산 기본정보)","좌표 수기 입력(소재지 주소 기준, 지도 검증 필요, 2026-10-04)"
김천,,1,김천 갈항사지,Galhangsa Temple Site,herit,36.0892,128.2728,47150,김천시,보물 김천 갈항사지 석조여래좌상이 남아 있는 김천의 옛 절터.,A former temple site in Gimcheon where a designated Treasure remains: a stone seated Buddha.,,"국가유산 보물 소재지(보물 1건, 2026-10-04 국가유산 기본정보)","좌표 수기 입력(소재지 주소 기준, 지도 검증 필요, 2026-10-04)"
김천,,1,김천 광덕리 석조보살입상,Gwangdeok-ri Stone Standing Bodhisattva,herit,36.2240,128.1060,47150,김천시,"보물로 지정된 김천의 불상, 김천 광덕리 석조보살입상.","Gwangdeok-ri Stone Standing Bodhisattva, a designated Treasure in Gimcheon.",,"국가유산 보물 소재지(보물 1건, 2026-10-04 국가유산 기본정보)","좌표 수기 입력(소재지 주소 기준, 지도 검증 필요, 2026-10-04) · 대략 위치"
김천,,1,김천 방초정,Bangchojeong Pavilion,herit,36.0297,128.0400,47150,김천시,"보물로 지정된 김천의 정자, 김천 방초정.","Bangchojeong Pavilion, a designated Treasure in Gimcheon.",,"국가유산 보물 소재지(보물 1건, 2026-10-04 국가유산 기본정보)","좌표 수기 입력(소재지 주소 기준, 지도 검증 필요, 2026-10-04)"
김천,,1,직지사성보박물관,Jikjisa Buddhist Museum,herit,36.1186,127.9978,47150,김천시,보물 상주 남장사 감로왕도를 소장한 박물관.,A museum in Gimcheon that holds a designated Treasure: the Gamno-wangdo painting of Namjangsa.,,"국가유산 보물 소재지(보물 1건, 2026-10-04 국가유산 기본정보)","좌표 수기 입력(소재지 주소 기준, 지도 검증 필요, 2026-10-04)"
김천,,1,직지성보박물관,Jikji Buddhist Museum,herit,36.1186,127.9978,47150,김천시,보물 김천 고방사 아미타여래설법도를 소장한 박물관.,A museum in Gimcheon that holds a designated Treasure: an Amitabha preaching painting from Gobangsa.,,"국가유산 보물 소재지(보물 1건, 2026-10-04 국가유산 기본정보)","좌표 수기 입력(소재지 주소 기준, 지도 검증 필요, 2026-10-04)"
김천,,1,김천 청암사,Cheongamsa Temple (Gimcheon),herit,35.8945,128.0505,47150,김천시,보물 김천 청암사 수도암 동·서 삼층석탑을 간직한 김천의 사찰.,A Buddhist temple in Gimcheon that holds a designated Treasure: the east and west three-story pagodas of Sudoam.,1,"국가유산 보물 소재지(보물 1건, 2026-10-04 국가유산 기본정보)","좌표 수기 입력(소재지 주소 기준, 지도 검증 필요, 2026-10-04) · 대략 위치"
김해,,1,김해한글박물관,Gimhae Hangeul Museum,herit,35.2290,128.8650,48250,김해시,보물 선조국문유서를 소장한 박물관.,A museum in Gimhae that holds a designated Treasure: the Royal Hangeul Edict of King Seonjo.,,"국가유산 보물 소재지(보물 1건, 2026-10-04 국가유산 기본정보)","좌표 수기 입력(소재지 주소 기준, 지도 검증 필요, 2026-10-04) · 대략 위치"
김해,,1,김해 원명사,Wonmyeongsa Temple (Gimhae),herit,35.2320,128.9790,48250,김해시,보물 묘법연화경 권4~7(1988)을 간직한 김해의 사찰.,A Buddhist temple in Gimhae that holds a designated Treasure: volumes 4-7 of the Lotus Sutra.,,"국가유산 보물 소재지(보물 1건, 2026-10-04 국가유산 기본정보)","좌표 수기 입력(소재지 주소 기준, 지도 검증 필요, 2026-10-04) · 대략 위치"
나주,,1,나주 금성관,Geumseonggwan Guesthouse (Naju),herit,35.0306,126.7170,12170,나주시,"보물로 지정된 나주의 객사 건물, 나주 금성관.","Geumseonggwan Guesthouse, a designated Treasure in Naju.",,"국가유산 보물 소재지(보물 1건, 2026-10-04 국가유산 기본정보)","좌표 수기 입력(소재지 주소 기준, 지도 검증 필요, 2026-10-04)"
나주,,1,나주향교,Naju Hyanggyo,herit,35.0275,126.7105,12170,나주시,"보물로 지정된 나주의 유산, 나주향교 대성전.","Daeseongjeon Hall, Naju Hyanggyo, a designated Treasure in Naju.",,"국가유산 보물 소재지(보물 1건, 2026-10-04 국가유산 기본정보)","좌표 수기 입력(소재지 주소 기준, 지도 검증 필요, 2026-10-04)"
나주,,1,나주 동점문 밖 석당간,Stone Flagpole outside Dongjeommun Gate,herit,35.0330,126.7220,12170,나주시,"보물로 지정된 나주의 석당간, 나주 동점문 밖 석당간.","Stone Flagpole outside Dongjeommun Gate, a designated Treasure in Naju.",,"국가유산 보물 소재지(보물 1건, 2026-10-04 국가유산 기본정보)","좌표 수기 입력(소재지 주소 기준, 지도 검증 필요, 2026-10-04)"
나주,,1,나주 북망문 밖 삼층석탑,Three-story Pagoda outside Bukmangmun Gate,herit,35.0440,126.7165,12170,나주시,"보물로 지정된 나주의 석탑, 나주 북망문 밖 삼층석탑.","Three-story Pagoda outside Bukmangmun Gate, a designated Treasure in Naju.",,"국가유산 보물 소재지(보물 1건, 2026-10-04 국가유산 기본정보)","좌표 수기 입력(소재지 주소 기준, 지도 검증 필요, 2026-10-04)"
나주,,1,나주 심향사,Simhyangsa Temple (Naju),herit,35.0438,126.7178,12170,나주시,보물 나주 심향사 건칠아미타여래좌상을 간직한 나주의 사찰.,A Buddhist temple in Naju that holds a designated Treasure: a dry-lacquer seated Amitabha.,1,"국가유산 보물 소재지(보물 1건, 2026-10-04 국가유산 기본정보)","좌표 수기 입력(소재지 주소 기준, 지도 검증 필요, 2026-10-04)"
나주,,1,나주 운흥사,Unheungsa Temple (Naju),herit,34.9620,126.8450,12170,나주시,보물 불조삼경(2012)를 간직한 나주의 사찰.,A Buddhist temple in Naju that holds a designated Treasure: the Buljo Samgyeong texts.,,"국가유산 보물 소재지(보물 1건, 2026-10-04 국가유산 기본정보)","좌표 수기 입력(소재지 주소 기준, 지도 검증 필요, 2026-10-04) · 대략 위치"
나주,,1,나주 죽림사,Jungnimsa Temple (Naju),herit,35.0450,126.8350,12170,나주시,보물 죽림사 세존 괘불탱을 간직한 나주의 사찰.,A Buddhist temple in Naju that holds a designated Treasure: the Sakyamuni hanging painting of Jungnimsa.,,"국가유산 보물 소재지(보물 1건, 2026-10-04 국가유산 기본정보)","좌표 수기 입력(소재지 주소 기준, 지도 검증 필요, 2026-10-04) · 대략 위치"
나주,,1,나주 철천리 마애칠불상,Rock-carved Seven Buddhas in Cheolcheon-ri,herit,34.9378,126.7808,12170,나주시,"보물로 지정된 나주의 마애불, 나주 철천리 마애칠불상.","Rock-carved Seven Buddhas in Cheolcheon-ri, a designated Treasure in Naju.",,"국가유산 보물 소재지(보물 1건, 2026-10-04 국가유산 기본정보)","좌표 수기 입력(소재지 주소 기준, 지도 검증 필요, 2026-10-04)"
나주,,1,나주 철천리 석조여래입상,Stone Standing Buddha in Cheolcheon-ri,herit,34.9376,126.7810,12170,나주시,"보물로 지정된 나주의 유산, 나주 철천리 석조여래입상.","Stone Standing Buddha in Cheolcheon-ri, a designated Treasure in Naju.",,"국가유산 보물 소재지(보물 1건, 2026-10-04 국가유산 기본정보)","좌표 수기 입력(소재지 주소 기준, 지도 검증 필요, 2026-10-04)"
남양주,,1,남양주 불암사,Buramsa Temple (Namyangju),herit,37.6680,127.1050,41360,남양주시,보물 남양주 불암사 목조관음보살좌상을 간직한 남양주의 사찰.,A Buddhist temple in Namyangju that holds a designated Treasure: a wooden seated Avalokitesvara.,,"국가유산 보물 소재지(보물 1건, 2026-10-04 국가유산 기본정보)","좌표 수기 입력(소재지 주소 기준, 지도 검증 필요, 2026-10-04)"
남양주,,1,실학박물관,Silhak Museum,herit,37.5170,127.2950,41360,남양주시,보물 혼개통헌의를 소장한 박물관.,A museum in Namyangju that holds a designated Treasure: the Honhaetongheonui astrolabe.,,"국가유산 보물 소재지(보물 1건, 2026-10-04 국가유산 기본정보)","좌표 수기 입력(소재지 주소 기준, 지도 검증 필요, 2026-10-04)"
남양주,,1,남양주 흥국사,Heungguksa Temple (Namyangju),herit,37.6842,127.0975,41360,남양주시,보물 남양주 흥국사 소조석가여래삼존좌상 및 16나한상 일괄을 간직한 남양주의 사찰.,A Buddhist temple in Namyangju that holds a designated Treasure: a clay Sakyamuni triad with sixteen arhats.,,"국가유산 보물 소재지(보물 1건, 2026-10-04 국가유산 기본정보)","좌표 수기 입력(소재지 주소 기준, 지도 검증 필요, 2026-10-04)"
남원,,1,남원 개령암지 마애불상군,Rock-carved Buddhas at Gaeryeongam Site,herit,35.3740,127.5430,52190,남원시,"보물로 지정된 남원의 마애불, 남원 개령암지 마애불상군.","Rock-carved Buddhas at Gaeryeongam Site, a designated Treasure in Namwon.",,"국가유산 보물 소재지(보물 1건, 2026-10-04 국가유산 기본정보)","좌표 수기 입력(소재지 주소 기준, 지도 검증 필요, 2026-10-04) · 대략 위치"
남원,,1,남원 백장암,Baekjangam Hermitage (Namwon),herit,35.4230,127.6090,52190,남원시,보물 백장암 청동 은입사 향로를 간직한 남원의 사찰.,A Buddhist temple in Namwon that holds a designated Treasure: a bronze incense burner with silver inlay.,,"국가유산 보물 소재지(보물 1건, 2026-10-04 국가유산 기본정보)","좌표 수기 입력(소재지 주소 기준, 지도 검증 필요, 2026-10-04) · 대략 위치"
남원,,1,남원 대복사,Daeboksa Temple (Namwon),herit,35.4100,127.3920,52190,남원시,보물 남원 대복사 동종을 간직한 남원의 사찰.,A Buddhist temple in Namwon that holds a designated Treasure: a bronze bell.,,"국가유산 보물 소재지(보물 1건, 2026-10-04 국가유산 기본정보)","좌표 수기 입력(소재지 주소 기준, 지도 검증 필요, 2026-10-04)"
남원,,1,남원 선국사,Seonguksa Temple (Namwon),herit,35.4300,127.3700,52190,남원시,보물 남원 선국사 건칠아미타여래좌상 및 복장유물을 소장한 박물관.,A museum in Namwon that holds a designated Treasure: a dry-lacquer seated Amitabha and its interior relics.,,"국가유산 보물 소재지(보물 1건, 2026-10-04 국가유산 기본정보)","좌표 수기 입력(소재지 주소 기준, 지도 검증 필요, 2026-10-04)"
남원,,1,남원 신계리 마애여래좌상,Rock-carved Seated Buddha in Singye-ri,herit,35.4570,127.3480,52190,남원시,"보물로 지정된 남원의 마애불, 남원 신계리 마애여래좌상.","Rock-carved Seated Buddha in Singye-ri, a designated Treasure in Namwon.",,"국가유산 보물 소재지(보물 1건, 2026-10-04 국가유산 기본정보)","좌표 수기 입력(소재지 주소 기준, 지도 검증 필요, 2026-10-04) · 대략 위치"
남원,,1,남원 용담사지,Yongdamsa Temple Site,herit,35.3870,127.4200,52190,남원시,보물 남원 용담사지 석조여래입상이 남아 있는 남원의 옛 절터.,A former temple site in Namwon where a designated Treasure remains: a stone standing Buddha.,,"국가유산 보물 소재지(보물 1건, 2026-10-04 국가유산 기본정보)","좌표 수기 입력(소재지 주소 기준, 지도 검증 필요, 2026-10-04) · 대략 위치"
남해,,1,남해 부소암,Busoam Hermitage (Namhae),herit,34.7460,127.9820,48840,남해군,보물 대방광불화엄경 진본 권53을 간직한 남해의 사찰.,A Buddhist temple in Namhae that holds a designated Treasure: volume 53 of the Avatamsaka Sutra.,,"국가유산 보물 소재지(보물 1건, 2026-10-04 국가유산 기본정보)","좌표 수기 입력(소재지 주소 기준, 지도 검증 필요, 2026-10-04)"
논산,,1,논산 개태사,Gaetaesa Temple (Nonsan),herit,36.2428,127.2303,44230,논산시,보물 논산 개태사지 석조여래삼존입상을 간직한 논산의 사찰.,A Buddhist temple in Nonsan that holds a designated Treasure: the stone standing Buddha triad of the Gaetaesa site.,,"국가유산 보물 소재지(보물 1건, 2026-10-04 국가유산 기본정보)","좌표 수기 입력(소재지 주소 기준, 지도 검증 필요, 2026-10-04)"
논산,,1,논산 노강서원,Nogang Seowon Confucian Academy,herit,36.2370,127.0710,44230,논산시,보물 논산 노강서원 강당이 있는 논산의 서원.,A Confucian academy in Nonsan with a designated Treasure: the lecture hall of Nogang Seowon.,,"국가유산 보물 소재지(보물 1건, 2026-10-04 국가유산 기본정보)","좌표 수기 입력(소재지 주소 기준, 지도 검증 필요, 2026-10-04) · 대략 위치"
논산,,1,논산 쌍계사,Ssanggyesa Temple (Nonsan),herit,36.1072,127.2058,44230,논산시,보물 논산 쌍계사 대웅전을 간직한 논산의 사찰.,A Buddhist temple in Nonsan that holds a designated Treasure: the Daeungjeon main hall.,,"국가유산 보물 소재지(보물 1건, 2026-10-04 국가유산 기본정보)","좌표 수기 입력(소재지 주소 기준, 지도 검증 필요, 2026-10-04)"
논산,,1,쌍계사 불교중앙박물관,Ssanggyesa Buddhist Central Museum,herit,36.1072,127.2058,44230,논산시,보물 논산 쌍계사 소조석가여래삼불좌상을 소장한 박물관.,A museum in Nonsan that holds a designated Treasure: a clay seated Sakyamuni triad.,,"국가유산 보물 소재지(보물 1건, 2026-10-04 국가유산 기본정보)","좌표 수기 입력(소재지 주소 기준, 지도 검증 필요, 2026-10-04)"
단양,,1,단양 방곡사,Banggoksa Temple (Danyang),herit,36.9230,128.3240,43800,단양군,보물 묘법연화경 권7(1988)을 간직한 단양의 사찰.,A Buddhist temple in Danyang that holds a designated Treasure: volume 7 of the Lotus Sutra.,,"국가유산 보물 소재지(보물 1건, 2026-10-04 국가유산 기본정보)","좌표 수기 입력(소재지 주소 기준, 지도 검증 필요, 2026-10-04) · 대략 위치"
단양,,1,단양 향산리 삼층석탑,Hyangsan-ri Three-story Pagoda,herit,37.0390,128.4220,43800,단양군,"보물로 지정된 단양의 석탑, 단양 향산리 삼층석탑.","Hyangsan-ri Three-story Pagoda, a designated Treasure in Danyang.",,"국가유산 보물 소재지(보물 1건, 2026-10-04 국가유산 기본정보)","좌표 수기 입력(소재지 주소 기준, 지도 검증 필요, 2026-10-04) · 대략 위치"
담양,,1,담양 개선사지,Gaeseonsa Temple Site,herit,35.1856,126.9828,12710,담양군,보물 담양 개선사지 석등이 남아 있는 담양의 옛 절터.,A former temple site in Damyang where a designated Treasure remains: a stone lantern.,,"국가유산 보물 소재지(보물 1건, 2026-10-04 국가유산 기본정보)","좌표 수기 입력(소재지 주소 기준, 지도 검증 필요, 2026-10-04)"
담양,,1,담양 객사리 석당간,Gaeksa-ri Stone Flagpole,herit,35.3200,126.9880,12710,담양군,"보물로 지정된 담양의 석당간, 담양 객사리 석당간.","Gaeksa-ri Stone Flagpole, a designated Treasure in Damyang.",,"국가유산 보물 소재지(보물 1건, 2026-10-04 국가유산 기본정보)","좌표 수기 입력(소재지 주소 기준, 지도 검증 필요, 2026-10-04)"
담양,,1,담양 남산리 오층석탑,Namsan-ri Five-story Pagoda,herit,35.3170,126.9870,12710,담양군,"보물로 지정된 담양의 석탑, 담양 남산리 오층석탑.","Namsan-ri Five-story Pagoda, a designated Treasure in Damyang.",,"국가유산 보물 소재지(보물 1건, 2026-10-04 국가유산 기본정보)","좌표 수기 입력(소재지 주소 기준, 지도 검증 필요, 2026-10-04)"
담양,,1,담양 용화사,Yonghwasa Temple (Damyang),herit,35.3130,126.9940,12710,담양군,보물 불조역대통재를 간직한 담양의 사찰.,A Buddhist temple in Damyang that holds a designated Treasure: the Buljo Yeokdae Tongjae chronicle.,,"국가유산 보물 소재지(보물 1건, 2026-10-04 국가유산 기본정보)","좌표 수기 입력(소재지 주소 기준, 지도 검증 필요, 2026-10-04) · 대략 위치"
담양,,1,담양 용흥사,Yongheungsa Temple (Damyang),herit,35.3411,126.8833,12710,담양군,보물 담양 용흥사 동종을 간직한 담양의 사찰.,A Buddhist temple in Damyang that holds a designated Treasure: a bronze bell.,,"국가유산 보물 소재지(보물 1건, 2026-10-04 국가유산 기본정보)","좌표 수기 입력(소재지 주소 기준, 지도 검증 필요, 2026-10-04)"
담양,,1,담양 창평향교 대성전,"Daeseongjeon Hall, Changpyeong Hyanggyo",herit,35.2440,126.9970,12710,담양군,"보물로 지정된 담양의 향교 건물, 담양 창평향교 대성전.","Daeseongjeon Hall, Changpyeong Hyanggyo, a designated Treasure in Damyang.",,"국가유산 보물 소재지(보물 1건, 2026-10-04 국가유산 기본정보)","좌표 수기 입력(소재지 주소 기준, 지도 검증 필요, 2026-10-04) · 대략 위치"
담양,,1,담양 창평향교 명륜당,"Myeongnyundang Hall, Changpyeong Hyanggyo",herit,35.2440,126.9970,12710,담양군,"보물로 지정된 담양의 향교 건물, 담양 창평향교 명륜당.","Myeongnyundang Hall, Changpyeong Hyanggyo, a designated Treasure in Damyang.",,"국가유산 보물 소재지(보물 1건, 2026-10-04 국가유산 기본정보)","좌표 수기 입력(소재지 주소 기준, 지도 검증 필요, 2026-10-04) · 대략 위치"
당진,,1,당진 신암사,Sinamsa Temple (Dangjin),herit,36.9090,126.7000,44270,당진시,보물 당진 신암사 금동여래좌상을 간직한 당진의 사찰.,A Buddhist temple in Dangjin that holds a designated Treasure: a gilt-bronze seated Buddha.,,"국가유산 보물 소재지(보물 1건, 2026-10-04 국가유산 기본정보)","좌표 수기 입력(소재지 주소 기준, 지도 검증 필요, 2026-10-04) · 대략 위치"
당진,,1,당진 영탑사,Yeongtapsa Temple (Dangjin),herit,36.8270,126.6750,44270,당진시,보물 당진 영탑사 금동비로자나불삼존좌상을 간직한 당진의 사찰.,A Buddhist temple in Dangjin that holds a designated Treasure: a gilt-bronze Vairocana triad.,,"국가유산 보물 소재지(보물 1건, 2026-10-04 국가유산 기본정보)","좌표 수기 입력(소재지 주소 기준, 지도 검증 필요, 2026-10-04)"
대구,,1,대구 경상감영 선화당,"Seonhwadang Hall, Gyeongsang Gamyeong",herit,35.8720,128.5930,27110,중구,"보물로 지정된 대구의 관아 건물, 대구 경상감영 선화당.","Seonhwadang Hall, Gyeongsang Gamyeong, a designated Treasure in Daegu.",,"국가유산 보물 소재지(보물 1건, 2026-10-04 국가유산 기본정보)","좌표 수기 입력(소재지 주소 기준, 지도 검증 필요, 2026-10-04)"
대구,,1,대구 고원사,Gowonsa Temple (Gunwi),herit,36.2400,128.4800,27720,군위군,보물 금강반야바라밀경 및 제경을 간직한 대구의 사찰.,A Buddhist temple in Daegu that holds a designated Treasure: the Diamond Sutra and other sutras.,,"국가유산 보물 소재지(보물 1건, 2026-10-04 국가유산 기본정보)","좌표 수기 입력(소재지 주소 기준, 지도 검증 필요, 2026-10-04) · 대략 위치"
대구,,1,대구 대율사,Daeyul-ri Stone Standing Buddha,herit,36.0608,128.6539,27720,군위군,보물 군위 대율리 석조여래입상을 간직한 대구의 사찰.,A Buddhist temple in Daegu that holds a designated Treasure: a stone standing Buddha.,1,"국가유산 보물 소재지(보물 1건, 2026-10-04 국가유산 기본정보)","좌표 수기 입력(소재지 주소 기준, 지도 검증 필요, 2026-10-04)"
대구,,1,대구 법주사,Beopjusa Temple (Gunwi),herit,36.2350,128.5480,27720,군위군,보물 군위 법주사 괘불도를 간직한 대구의 사찰.,A Buddhist temple in Daegu that holds a designated Treasure: a hanging Buddhist painting.,,"국가유산 보물 소재지(보물 1건, 2026-10-04 국가유산 기본정보)","좌표 수기 입력(소재지 주소 기준, 지도 검증 필요, 2026-10-04) · 대략 위치"
대구,,1,대구 북지장사,Bukjijangsa Temple (Daegu),herit,35.9761,128.7147,27140,동구,보물 대구 북지장사 지장전을 간직한 대구의 사찰.,A Buddhist temple in Daegu that holds a designated Treasure: the Jijangjeon hall.,,"국가유산 보물 소재지(보물 1건, 2026-10-04 국가유산 기본정보)","좌표 수기 입력(소재지 주소 기준, 지도 검증 필요, 2026-10-04)"
대구,,1,대구 산격동 사자 주악장식 승탑,Sangyeok-dong Stupa with Lion and Musician Reliefs,herit,35.8900,128.6110,27230,북구,"보물로 지정된 대구의 승탑, 대구 산격동 사자 주악장식 승탑.","Sangyeok-dong Stupa with Lion and Musician Reliefs, a designated Treasure in Daegu.",,"국가유산 보물 소재지(보물 1건, 2026-10-04 국가유산 기본정보)","좌표 수기 입력(소재지 주소 기준, 지도 검증 필요, 2026-10-04)"
대구,,1,대구 산격동 연화 운룡장식 승탑,Sangyeok-dong Stupa with Lotus and Dragon Reliefs,herit,35.8900,128.6115,27230,북구,"보물로 지정된 대구의 승탑, 대구 산격동 연화 운룡장식 승탑.","Sangyeok-dong Stupa with Lotus and Dragon Reliefs, a designated Treasure in Daegu.",,"국가유산 보물 소재지(보물 1건, 2026-10-04 국가유산 기본정보)","좌표 수기 입력(소재지 주소 기준, 지도 검증 필요, 2026-10-04)"
대구,,1,대구 서봉사,Seobongsa Temple (Daegu),herit,35.8530,128.5950,27200,남구,보물 대구 서봉사 지장시왕도를 간직한 대구의 사찰.,A Buddhist temple in Daegu that holds a designated Treasure: a Ksitigarbha and Ten Kings painting.,,"국가유산 보물 소재지(보물 1건, 2026-10-04 국가유산 기본정보)","좌표 수기 입력(소재지 주소 기준, 지도 검증 필요, 2026-10-04) · 대략 위치"
대구,,1,대구 용문사,Yongmunsa Temple (Daegu),herit,35.7900,128.5260,27710,달성군,보물 대승기신론소 권하를 간직한 대구의 사찰.,A Buddhist temple in Daegu that holds a designated Treasure: volume 2 of a commentary on the Awakening of Faith.,,"국가유산 보물 소재지(보물 1건, 2026-10-04 국가유산 기본정보)","좌표 수기 입력(소재지 주소 기준, 지도 검증 필요, 2026-10-04) · 대략 위치"
대구,,1,대구 운흥사 동화사성보박물관(발원문 1점),Unheungsa Temple (Daegu),herit,35.7600,128.6550,27710,달성군,보물 대구 운흥사 목조아미타여래삼존좌상을 간직한 대구의 사찰.,A Buddhist temple in Daegu that holds a designated Treasure: a wooden Amitabha triad.,,"국가유산 보물 소재지(보물 1건, 2026-10-04 국가유산 기본정보)","좌표 수기 입력(소재지 주소 기준, 지도 검증 필요, 2026-10-04) · 대략 위치"
대구,,1,대구 인각사,Ingaksa Temple (Gunwi),herit,36.1278,128.7792,27720,군위군,보물 군위 인각사 보각국사탑 및 비를 간직한 대구의 사찰.,A Buddhist temple in Daegu that holds a designated Treasure: the stupa and stele of National Preceptor Bogak.,,"국가유산 보물 소재지(보물 1건, 2026-10-04 국가유산 기본정보)","좌표 수기 입력(소재지 주소 기준, 지도 검증 필요, 2026-10-04)"
대구,,1,대구 지보사,Jibosa Temple (Gunwi),herit,36.2600,128.5700,27720,군위군,보물 군위 지보사 삼층석탑을 간직한 대구의 사찰.,A Buddhist temple in Daegu that holds a designated Treasure: a three-story stone pagoda.,,"국가유산 보물 소재지(보물 1건, 2026-10-04 국가유산 기본정보)","좌표 수기 입력(소재지 주소 기준, 지도 검증 필요, 2026-10-04) · 대략 위치"
대구,,1,대구 태고정,Taegojeong Pavilion,herit,35.9020,128.4400,27710,달성군,"보물로 지정된 대구의 정자, 달성 태고정.","Taegojeong Pavilion, a designated Treasure in Daegu.",,"국가유산 보물 소재지(보물 1건, 2026-10-04 국가유산 기본정보)","좌표 수기 입력(소재지 주소 기준, 지도 검증 필요, 2026-10-04)"
대구,,1,대구 하목정,Hamokjeong Pavilion,herit,35.8990,128.4180,27710,달성군,"보물로 지정된 대구의 정자, 달성 하목정.","Hamokjeong Pavilion, a designated Treasure in Daegu.",,"국가유산 보물 소재지(보물 1건, 2026-10-04 국가유산 기본정보)","좌표 수기 입력(소재지 주소 기준, 지도 검증 필요, 2026-10-04) · 대략 위치"
대구,,1,행소박물관,"Haengso Museum, Keimyung University",herit,35.8560,128.4880,27290,달서구,보물 진주성도를 소장한 박물관.,A museum in Daegu that holds a designated Treasure: the Jinjuseong-do painting of Jinju Fortress.,,"국가유산 보물 소재지(보물 1건, 2026-10-04 국가유산 기본정보)","좌표 수기 입력(소재지 주소 기준, 지도 검증 필요, 2026-10-04)"
대전,,1,대전 비래사,Biraesa Temple (Daejeon),herit,36.3660,127.4580,30230,대덕구,보물 대전 비래사 목조비로자나불좌상을 간직한 대전의 사찰.,A Buddhist temple in Daejeon that holds a designated Treasure: a wooden seated Vairocana.,,"국가유산 보물 소재지(보물 1건, 2026-10-04 국가유산 기본정보)","좌표 수기 입력(소재지 주소 기준, 지도 검증 필요, 2026-10-04) · 대략 위치"
목포,,1,목포 달성사,Dalseongsa Temple (Mokpo),herit,34.7960,126.3770,12110,목포시,보물 목포 달성사 목조지장보살삼존상 및 시왕상 일괄을 간직한 목포의 사찰.,A Buddhist temple in Mokpo that holds a designated Treasure: a wooden Ksitigarbha triad with the Ten Kings.,,"국가유산 보물 소재지(보물 1건, 2026-10-04 국가유산 기본정보)","좌표 수기 입력(소재지 주소 기준, 지도 검증 필요, 2026-10-04)"
무안,,1,무안 목우암,Mogwuam Hermitage (Muan),herit,34.9150,126.5150,12810,무안군,보물 무안 목우암 목조아미타여래삼존상을 간직한 무안의 사찰.,A Buddhist temple in Muan that holds a designated Treasure: a wooden Amitabha triad.,,"국가유산 보물 소재지(보물 1건, 2026-10-04 국가유산 기본정보)","좌표 수기 입력(소재지 주소 기준, 지도 검증 필요, 2026-10-04) · 대략 위치"
무주,,1,무주 안국사,Anguksa Temple (Muju),herit,35.9450,127.7100,52730,무주군,보물 안국사 영산회 괘불탱을 간직한 무주의 사찰.,A Buddhist temple in Muju that holds a designated Treasure: a Vulture Peak hanging painting.,,"국가유산 보물 소재지(보물 1건, 2026-10-04 국가유산 기본정보)","좌표 수기 입력(소재지 주소 기준, 지도 검증 필요, 2026-10-04) · 대략 위치"
무주,,1,무주 한풍루,Hanpungnu Pavilion,herit,36.0060,127.6620,52730,무주군,"보물로 지정된 무주의 누각, 무주 한풍루.","Hanpungnu Pavilion, a designated Treasure in Muju.",1,"국가유산 보물 소재지(보물 1건, 2026-10-04 국가유산 기본정보)","좌표 수기 입력(소재지 주소 기준, 지도 검증 필요, 2026-10-04)"
문경,,1,문경 김룡사,Gimnyongsa Temple (Mungyeong),herit,36.7398,128.2235,47280,문경시,보물 문경 김룡사 영산회 괘불도를 간직한 문경의 사찰.,A Buddhist temple in Mungyeong that holds a designated Treasure: a Vulture Peak hanging painting.,,"국가유산 보물 소재지(보물 1건, 2026-10-04 국가유산 기본정보)","좌표 수기 입력(소재지 주소 기준, 지도 검증 필요, 2026-10-04)"
문경,,1,문경 내화리 삼층석탑,Naehwa-ri Three-story Pagoda,herit,36.7370,128.2850,47280,문경시,"보물로 지정된 문경의 석탑, 문경 내화리 삼층석탑.","Naehwa-ri Three-story Pagoda, a designated Treasure in Mungyeong.",,"국가유산 보물 소재지(보물 1건, 2026-10-04 국가유산 기본정보)","좌표 수기 입력(소재지 주소 기준, 지도 검증 필요, 2026-10-04) · 대략 위치"
밀양,,1,밀양 무봉사,Mubongsa Temple (Miryang),herit,35.4920,128.7530,48270,밀양시,보물 밀양 무봉사 석조여래좌상을 간직한 밀양의 사찰.,A Buddhist temple in Miryang that holds a designated Treasure: a stone seated Buddha.,1,"국가유산 보물 소재지(보물 1건, 2026-10-04 국가유산 기본정보)","좌표 수기 입력(소재지 주소 기준, 지도 검증 필요, 2026-10-04)"
밀양,,1,밀양 소태리 오층석탑,Sotae-ri Five-story Pagoda,herit,35.5240,128.8880,48270,밀양시,"보물로 지정된 밀양의 석탑, 밀양 소태리 오층석탑.","Sotae-ri Five-story Pagoda, a designated Treasure in Miryang.",,"국가유산 보물 소재지(보물 1건, 2026-10-04 국가유산 기본정보)","좌표 수기 입력(소재지 주소 기준, 지도 검증 필요, 2026-10-04) · 대략 위치"
밀양,,1,밀양 숭진리 삼층석탑,Sungjin-ri Three-story Pagoda,herit,35.4130,128.8340,48270,밀양시,"보물로 지정된 밀양의 석탑, 밀양 숭진리 삼층석탑.","Sungjin-ri Three-story Pagoda, a designated Treasure in Miryang.",,"국가유산 보물 소재지(보물 1건, 2026-10-04 국가유산 기본정보)","좌표 수기 입력(소재지 주소 기준, 지도 검증 필요, 2026-10-04) · 대략 위치"
보성,,1,보성 벌교 홍교,Beolgyo Hongyo Bridge,herit,34.8410,127.3410,12750,보성군,"보물로 지정된 보성의 돌다리, 보성 벌교 홍교.","Beolgyo Hongyo Bridge, a designated Treasure in Boseong.",,"국가유산 보물 소재지(보물 1건, 2026-10-04 국가유산 기본정보)","좌표 수기 입력(소재지 주소 기준, 지도 검증 필요, 2026-10-04)"
보성,,1,보성 봉천리 오층석탑,Bongcheon-ri Five-story Pagoda,herit,34.8890,127.1490,12750,보성군,"보물로 지정된 보성의 석탑, 보성 봉천리 오층석탑.","Bongcheon-ri Five-story Pagoda, a designated Treasure in Boseong.",,"국가유산 보물 소재지(보물 1건, 2026-10-04 국가유산 기본정보)","좌표 수기 입력(소재지 주소 기준, 지도 검증 필요, 2026-10-04) · 대략 위치"
보성,,1,우종미술관,Ujong Art Museum,herit,34.7980,127.2720,12750,보성군,보물 상교정본자비도량참법 권7∼10을 소장한 박물관.,A museum in Boseong that holds a designated Treasure: volumes 7-10 of a Buddhist repentance text.,,"국가유산 보물 소재지(보물 1건, 2026-10-04 국가유산 기본정보)","좌표 수기 입력(소재지 주소 기준, 지도 검증 필요, 2026-10-04) · 대략 위치"
보성,,1,보성 우천리 삼층석탑,Ucheon-ri Three-story Pagoda,herit,34.8100,127.2400,12750,보성군,"보물로 지정된 보성의 석탑, 보성 우천리 삼층석탑.","Ucheon-ri Three-story Pagoda, a designated Treasure in Boseong.",,"국가유산 보물 소재지(보물 1건, 2026-10-04 국가유산 기본정보)","좌표 수기 입력(소재지 주소 기준, 지도 검증 필요, 2026-10-04) · 대략 위치"
보성,,1,보성 유신리 마애여래좌상,Rock-carved Seated Buddha in Yusin-ri,herit,34.8400,127.1950,12750,보성군,"보물로 지정된 보성의 마애불, 보성 유신리 마애여래좌상.","Rock-carved Seated Buddha in Yusin-ri, a designated Treasure in Boseong.",,"국가유산 보물 소재지(보물 1건, 2026-10-04 국가유산 기본정보)","좌표 수기 입력(소재지 주소 기준, 지도 검증 필요, 2026-10-04) · 대략 위치"
봉화,,1,봉화 서동리 동·서 삼층석탑,Seodong-ri East and West Three-story Pagodas,herit,36.9300,128.9270,47920,봉화군,"보물로 지정된 봉화의 석탑, 봉화 서동리 동·서 삼층석탑.","Seodong-ri East and West Three-story Pagodas, a designated Treasure in Bonghwa.",,"국가유산 보물 소재지(보물 1건, 2026-10-04 국가유산 기본정보)","좌표 수기 입력(소재지 주소 기준, 지도 검증 필요, 2026-10-04) · 대략 위치"
봉화,,1,봉화 청암정,Cheongamjeong Pavilion,herit,36.9270,128.6990,47920,봉화군,"보물로 지정된 봉화의 정자, 봉화 청암정.","Cheongamjeong Pavilion, a designated Treasure in Bonghwa.",,"국가유산 보물 소재지(보물 1건, 2026-10-04 국가유산 기본정보)","좌표 수기 입력(소재지 주소 기준, 지도 검증 필요, 2026-10-04)"
봉화,,1,봉화 한수정,Hansujeong Pavilion,herit,36.9350,128.9190,47920,봉화군,"보물로 지정된 봉화의 정자, 봉화 한수정.","Hansujeong Pavilion, a designated Treasure in Bonghwa.",,"국가유산 보물 소재지(보물 1건, 2026-10-04 국가유산 기본정보)","좌표 수기 입력(소재지 주소 기준, 지도 검증 필요, 2026-10-04)"
부산,,1,부산 관음사,Gwaneumsa Temple (Busan),herit,35.1050,128.9790,26380,사하구,"보물 대방광원각수다라요의경(언해) 권하1의1~2, 2의1~2를 간직한 부산의 사찰.",A Buddhist temple in Busan that holds a designated Treasure: an annotated Korean edition of the Sutra of Perfect Enlightenment.,,"국가유산 보물 소재지(보물 1건, 2026-10-04 국가유산 기본정보)","좌표 수기 입력(소재지 주소 기준, 지도 검증 필요, 2026-10-04) · 대략 위치"
부산,,1,부산 국청사,Gukcheongsa Temple (Busan),herit,35.2560,129.0520,26410,금정구,보물 부산 국청사 청동북을 간직한 부산의 사찰.,A Buddhist temple in Busan that holds a designated Treasure: a bronze drum.,,"국가유산 보물 소재지(보물 1건, 2026-10-04 국가유산 기본정보)","좌표 수기 입력(소재지 주소 기준, 지도 검증 필요, 2026-10-04) · 대략 위치"
부산,,1,부산 대각사,Daegaksa Temple (Busan),herit,35.1010,129.0310,26110,중구,보물 묘법연화경 권5~7(2016)을 간직한 부산의 사찰.,A Buddhist temple in Busan that holds a designated Treasure: volumes 5-7 of the Lotus Sutra.,1,"국가유산 보물 소재지(보물 1건, 2026-10-04 국가유산 기본정보)","좌표 수기 입력(소재지 주소 기준, 지도 검증 필요, 2026-10-04)"
부산,,1,부산 대한불교법화종 선광사,Seongwangsa Temple (Busan),herit,35.1720,128.9930,26530,사상구,보물 예념미타도량참법 권6∼10을 간직한 부산의 사찰.,A Buddhist temple in Busan that holds a designated Treasure: volumes 6-10 of a Buddhist repentance text.,,"국가유산 보물 소재지(보물 1건, 2026-10-04 국가유산 기본정보)","좌표 수기 입력(소재지 주소 기준, 지도 검증 필요, 2026-10-04) · 대략 위치"
부산,,1,동의대학교박물관,Dong-eui University Museum,herit,35.1430,129.0340,26230,부산진구,보물 김해 양동리 322호분 출토 목걸이를 소장한 박물관.,"A museum in Busan that holds a designated Treasure: a necklace from Tomb 322 at Yangdong-ri, Gimhae.",,"국가유산 보물 소재지(보물 1건, 2026-10-04 국가유산 기본정보)","좌표 수기 입력(소재지 주소 기준, 지도 검증 필요, 2026-10-04)"
부산,,1,부산 묘관음사,Myogwaneumsa Temple (Busan),herit,35.3150,129.2620,26710,기장군,보물 인천안목(1991)을 간직한 부산의 사찰.,A Buddhist temple in Busan that holds a designated Treasure: the Incheon Anmok Seon text.,1,"국가유산 보물 소재지(보물 1건, 2026-10-04 국가유산 기본정보)","좌표 수기 입력(소재지 주소 기준, 지도 검증 필요, 2026-10-04) · 대략 위치"
부산,,1,부산 법화사,Beophwasa Temple (Busan),herit,35.0870,129.0500,26200,영도구,보물 묘법연화경 권4~7(2013)을 간직한 부산의 사찰.,A Buddhist temple in Busan that holds a designated Treasure: volumes 4-7 of the Lotus Sutra.,,"국가유산 보물 소재지(보물 1건, 2026-10-04 국가유산 기본정보)","좌표 수기 입력(소재지 주소 기준, 지도 검증 필요, 2026-10-04) · 대략 위치"
부산,,1,부산 운수사,Unsusa Temple (Busan),herit,35.1880,129.0000,26530,사상구,보물 부산 운수사 대웅전을 간직한 부산의 사찰.,A Buddhist temple in Busan that holds a designated Treasure: the Daeungjeon main hall.,,"국가유산 보물 소재지(보물 1건, 2026-10-04 국가유산 기본정보)","좌표 수기 입력(소재지 주소 기준, 지도 검증 필요, 2026-10-04) · 대략 위치"
부산,,1,부산 수능엄사,Suneungeomsa Temple (Busan),herit,35.0880,128.8580,26440,강서구,보물 금강반야경소론찬요조현록(2024)를 간직한 부산의 사찰.,A Buddhist temple in Busan that holds a designated Treasure: a commentary on the Diamond Sutra.,,"국가유산 보물 소재지(보물 1건, 2026-10-04 국가유산 기본정보)","좌표 수기 입력(소재지 주소 기준, 지도 검증 필요, 2026-10-04) · 대략 위치"
부산,,1,한국순교자박물관,Korean Martyrs' Museum,herit,35.2510,129.1010,26410,금정구,보물 조선왕조의궤(2016-6)을 소장한 박물관.,A museum in Busan that holds a designated Treasure: Joseon royal protocol books (Uigwe).,,"국가유산 보물 소재지(보물 1건, 2026-10-04 국가유산 기본정보)","좌표 수기 입력(소재지 주소 기준, 지도 검증 필요, 2026-10-04) · 대략 위치"
부여,,1,부여 대조사,Daejosa Temple (Buyeo),herit,36.1911,126.9003,44760,부여군,보물 부여 대조사 석조미륵보살입상을 간직한 부여의 사찰.,A Buddhist temple in Buyeo that holds a designated Treasure: a stone standing Maitreya Bodhisattva.,,"국가유산 보물 소재지(보물 1건, 2026-10-04 국가유산 기본정보)","좌표 수기 입력(소재지 주소 기준, 지도 검증 필요, 2026-10-04)"
부여,,1,부여 오덕사,Odeoksa Temple (Buyeo),herit,36.1561,126.8060,44760,부여군,보물 오덕사 괘불탱을 간직한 부여의 사찰.,A Buddhist temple in Buyeo that holds a designated Treasure: a hanging Buddhist painting.,,"국가유산 보물 소재지(보물 1건, 2026-10-04 국가유산 기본정보)","좌표 수기 입력(소재지 주소 기준, 지도 검증 필요, 2026-10-04) · 대략 위치"
부여,,1,부여 장하리 삼층석탑,Jangha-ri Three-story Pagoda,herit,36.2230,126.8590,44760,부여군,"보물로 지정된 부여의 석탑, 부여 장하리 삼층석탑.","Jangha-ri Three-story Pagoda, a designated Treasure in Buyeo.",,"국가유산 보물 소재지(보물 1건, 2026-10-04 국가유산 기본정보)","좌표 수기 입력(소재지 주소 기준, 지도 검증 필요, 2026-10-04) · 대략 위치"
부천,,1,부천 석왕사,Seogwangsa Temple (Bucheon),herit,37.4950,126.7900,41192,부천시원미구,보물 불조삼경(2023)을 간직한 부천의 사찰.,A Buddhist temple in Bucheon that holds a designated Treasure: the Buljo Samgyeong texts.,,"국가유산 보물 소재지(보물 1건, 2026-10-04 국가유산 기본정보)","좌표 수기 입력(소재지 주소 기준, 지도 검증 필요, 2026-10-04) · 대략 위치"
사천,,1,사천 흥사리 매향비,Heungsa-ri Maehyang Stele,herit,35.0640,127.9550,48240,사천시,"보물로 지정된 사천의 매향비, 사천 흥사리 매향비.","Heungsa-ri Maehyang Stele, a designated Treasure in Sacheon.",,"국가유산 보물 소재지(보물 1건, 2026-10-04 국가유산 기본정보)","좌표 수기 입력(소재지 주소 기준, 지도 검증 필요, 2026-10-04) · 대략 위치"
산청,,1,산청 겁외사,Geobeoesa Temple (Sancheong),herit,35.3170,127.9900,48860,산청군,보물 선종영가집(언해)(2010)을 간직한 산청의 사찰.,A Buddhist temple in Sancheong that holds a designated Treasure: an annotated Korean edition of the Seonjong Yeongga-jip.,,"국가유산 보물 소재지(보물 1건, 2026-10-04 국가유산 기본정보)","좌표 수기 입력(소재지 주소 기준, 지도 검증 필요, 2026-10-04) · 대략 위치"
산청,,1,산청 단성향교 명륜당,"Myeongnyundang Hall, Danseong Hyanggyo",herit,35.3040,127.9810,48860,산청군,"보물로 지정된 산청의 향교 건물, 산청 단성향교 명륜당.","Myeongnyundang Hall, Danseong Hyanggyo, a designated Treasure in Sancheong.",,"국가유산 보물 소재지(보물 1건, 2026-10-04 국가유산 기본정보)","좌표 수기 입력(소재지 주소 기준, 지도 검증 필요, 2026-10-04) · 대략 위치"
산청,,1,산청 대포리 삼층석탑,Daepo-ri Three-story Pagoda,herit,35.3200,127.8100,48860,산청군,"보물로 지정된 산청의 석탑, 산청 대포리 삼층석탑.","Daepo-ri Three-story Pagoda, a designated Treasure in Sancheong.",,"국가유산 보물 소재지(보물 1건, 2026-10-04 국가유산 기본정보)","좌표 수기 입력(소재지 주소 기준, 지도 검증 필요, 2026-10-04) · 대략 위치"
산청,,1,산청 법계사,Beopgyesa Temple (Sancheong),herit,35.3248,127.7199,48860,산청군,보물 산청 법계사 삼층석탑이 서 있는 지리산 천왕봉 아래의 사찰.,"A temple below Cheonwangbong Peak of Jirisan, home to the Treasure three-story stone pagoda.",,"국가유산 보물 소재지(보물 1건, 2026-10-04 국가유산 기본정보)","좌표 수기 입력(소재지 주소 기준, 지도 검증 필요, 2026-10-04)"
삼척,,1,삼척시립박물관,Samcheok Municipal Museum,herit,37.4421,129.1693,51230,삼척시,보물 조선왕조의궤를 소장한 삼척의 시립 박물관.,"Samcheok's city museum, holding a Treasure-listed Joseon royal protocol (Uigwe).",,"국가유산 보물 소재지(보물 1건, 2026-10-04 국가유산 기본정보)","좌표 수기 입력(소재지 주소 기준, 지도 검증 필요, 2026-10-04)"
상주,,1,상주 대산루,Daesannu Pavilion (Sangju),herit,36.4753,128.0617,47250,상주시,"보물로 지정된 우복 정경세 종가의 누각, 상주 대산루.","Daesannu, a Treasure-listed pavilion of scholar Jeong Gyeong-se's head house in Sangju.",,"국가유산 보물 소재지(보물 1건, 2026-10-04 국가유산 기본정보)","좌표 수기 입력(소재지 주소 기준, 지도 검증 필요, 2026-10-04)"
상주,,1,상주 대성전‧동무‧서무,Sangju Hyanggyo Confucian School,herit,36.4232,128.1478,47250,상주시,보물 상주향교 대성전·동무·서무가 있는 상주의 향교.,"Sangju's Confucian school, whose Daeseongjeon shrine and east and west halls are Treasures.",,"국가유산 보물 소재지(보물 1건, 2026-10-04 국가유산 기본정보)","좌표 수기 입력(소재지 주소 기준, 지도 검증 필요, 2026-10-04)"
상주,,1,상주 복용동 석조여래좌상,Stone Seated Buddha in Bogyong-dong (Sangju),herit,36.4128,128.1567,47250,상주시,보물로 지정된 상주 시내 복용동의 석조여래좌상.,"A Treasure-listed stone seated Buddha in Bogyong-dong, central Sangju.",,"국가유산 보물 소재지(보물 1건, 2026-10-04 국가유산 기본정보)","좌표 수기 입력(소재지 주소 기준, 지도 검증 필요, 2026-10-04)"
상주,,1,상주 북장사,Bukjangsa Temple (Sangju),herit,36.4383,128.0303,47250,상주시,보물 북장사 영산회 괘불탱을 소장한 상주 노악산 자락의 사찰.,A temple in Sangju holding the Treasure hanging painting of the Vulture Peak assembly.,,"국가유산 보물 소재지(보물 1건, 2026-10-04 국가유산 기본정보)","좌표 수기 입력(소재지 주소 기준, 지도 검증 필요, 2026-10-04) · 대략 위치"
상주,,1,상주 상오리 칠층석탑,Seven-story Stone Pagoda in Sango-ri (Sangju),herit,36.5700,127.8650,47250,상주시,보물로 지정된 상주 화북면 상오리의 칠층석탑.,"A Treasure-listed seven-story stone pagoda in Sango-ri, Hwabuk-myeon, Sangju.",,"국가유산 보물 소재지(보물 1건, 2026-10-04 국가유산 기본정보)","좌표 수기 입력(소재지 주소 기준, 지도 검증 필요, 2026-10-04) · 대략 위치"
상주,,1,상주 양진당,Yangjindang House (Sangju),herit,36.3810,128.2090,47250,상주시,보물로 지정된 상주 낙동면 승곡리의 고택 양진당.,"Yangjindang, a Treasure-listed historic house in Seunggok-ri, Sangju.",,"국가유산 보물 소재지(보물 1건, 2026-10-04 국가유산 기본정보)","좌표 수기 입력(소재지 주소 기준, 지도 검증 필요, 2026-10-04) · 대략 위치"
상주,,1,상주 용흥사,Yongheungsa Temple (Sangju),herit,36.3800,128.1900,47250,상주시,보물 용흥사 삼불회 괘불탱을 소장한 상주의 사찰.,A Sangju temple holding the Treasure hanging painting of the Three Buddhas assembly.,,"국가유산 보물 소재지(보물 1건, 2026-10-04 국가유산 기본정보)","좌표 수기 입력(소재지 주소 기준, 지도 검증 필요, 2026-10-04) · 대략 위치"
상주,,1,상주 증촌리 석조여래입상,Stone Standing Buddha in Jeungchon-ri (Sangju),herit,36.5640,128.1810,47250,상주시,보물로 지정된 상주 함창읍 증촌리의 석조여래입상.,"A Treasure-listed stone standing Buddha in Jeungchon-ri, Hamchang-eup, Sangju.",,"국가유산 보물 소재지(보물 1건, 2026-10-04 국가유산 기본정보)","좌표 수기 입력(소재지 주소 기준, 지도 검증 필요, 2026-10-04) · 대략 위치"
상주,,1,상주 증촌리 석조여래좌상,Stone Seated Buddha in Jeungchon-ri (Sangju),herit,36.5640,128.1810,47250,상주시,보물로 지정된 상주 함창읍 증촌리의 석조여래좌상.,"A Treasure-listed stone seated Buddha in Jeungchon-ri, Hamchang-eup, Sangju.",,"국가유산 보물 소재지(보물 1건, 2026-10-04 국가유산 기본정보)","좌표 수기 입력(소재지 주소 기준, 지도 검증 필요, 2026-10-04) · 대략 위치"
상주,,1,상주 화달리 삼층석탑,Three-story Stone Pagoda in Hwadal-ri (Sangju),herit,36.4600,128.2140,47250,상주시,보물로 지정된 상주 사벌면 화달리의 삼층석탑.,"A Treasure-listed three-story stone pagoda in Hwadal-ri, Sabeol-myeon, Sangju.",,"국가유산 보물 소재지(보물 1건, 2026-10-04 국가유산 기본정보)","좌표 수기 입력(소재지 주소 기준, 지도 검증 필요, 2026-10-04) · 대략 위치"
제주,,1,추사유물전시관,Chusa Kim Jeong-hui Memorial Hall,herit,33.2448,126.2654,50130,서귀포시,보물 김정희 종가 유물 일괄을 전시하는 대정읍의 추사 기념관.,"The Chusa memorial hall in Daejeong-eup, displaying the Treasure collection of Kim Jeong-hui's family relics.",,"국가유산 보물 소재지(보물 1건, 2026-10-04 국가유산 기본정보)","좌표 수기 입력(소재지 주소 기준, 지도 검증 필요, 2026-10-04)"
서산,,1,서산 명종대왕 태실 및 비,Placenta Chamber of King Myeongjong (Seosan),herit,36.7530,126.5850,44210,서산시,보물로 지정된 서산 운산면 태봉리의 명종대왕 태실과 비.,"The Treasure-listed placenta chamber and stele of King Myeongjong in Taebong-ri, Seosan.",,"국가유산 보물 소재지(보물 1건, 2026-10-04 국가유산 기본정보)","좌표 수기 입력(소재지 주소 기준, 지도 검증 필요, 2026-10-04) · 대략 위치"
서산,,1,서산 문수사,Munsusa Temple (Seosan),herit,36.7570,126.5780,44210,서산시,보물 서산 문수사 극락보전이 있는 운산면의 사찰.,"A temple in Unsan-myeon, Seosan, whose Geungnakbojeon hall is a Treasure.",,"국가유산 보물 소재지(보물 1건, 2026-10-04 국가유산 기본정보)","좌표 수기 입력(소재지 주소 기준, 지도 검증 필요, 2026-10-04) · 대략 위치"
서울,,1,서울 경국사,Gyeongguksa Temple (Seoul),herit,37.6110,127.0050,11290,성북구,보물 목각아미타여래설법상을 품은 정릉동의 사찰.,A temple in Jeongneung-dong holding the Treasure wooden relief of Amitabha preaching.,,"국가유산 보물 소재지(보물 1건, 2026-10-04 국가유산 기본정보)","좌표 수기 입력(소재지 주소 기준, 지도 검증 필요, 2026-10-04)"
서울,,1,서울 관상감 관천대,Gwancheondae Observatory (Seoul),herit,37.5779,126.9875,11110,종로구,"보물로 지정된 조선 관상감의 천문 관측대, 원서동 관천대.",The Treasure-listed astronomical observation platform of the Joseon Bureau of Astronomy in Wonseo-dong.,,"국가유산 보물 소재지(보물 1건, 2026-10-04 국가유산 기본정보)","좌표 수기 입력(소재지 주소 기준, 지도 검증 필요, 2026-10-04)"
서울,,1,서울 달마사,Dalmasa Temple (Seoul),herit,37.5080,126.9680,11590,동작구,보물 상교정본자비도량참법 권3을 소장한 흑석동의 사찰.,A temple in Heukseok-dong holding a Treasure volume of the Compassionate Repentance Rites.,,"국가유산 보물 소재지(보물 1건, 2026-10-04 국가유산 기본정보)","좌표 수기 입력(소재지 주소 기준, 지도 검증 필요, 2026-10-04)"
서울,,1,서울 대통령비서실,Cheong Wa Dae (Seoul),herit,37.5866,126.9748,11110,종로구,보물 경주 방형대좌 석조여래좌상이 있는 청와대.,"Cheong Wa Dae, home to the Treasure stone seated Buddha from Gyeongju on a square pedestal.",,"국가유산 보물 소재지(보물 1건, 2026-10-04 국가유산 기본정보)","좌표 수기 입력(소재지 주소 기준, 지도 검증 필요, 2026-10-04)"
서울,,1,서울 동관왕묘,Donggwanwangmyo Shrine (Seoul),herit,37.5735,127.0170,11110,종로구,"보물로 지정된 관우를 모신 숭인동의 사당, 동관왕묘.","Donggwanwangmyo, the Treasure-listed shrine to Guan Yu in Sungin-dong.",1,"국가유산 보물 소재지(보물 1건, 2026-10-04 국가유산 기본정보)","좌표 수기 입력(소재지 주소 기준, 지도 검증 필요, 2026-10-04)"
서울,,1,동은의학박물관,Dongeun Medical Museum,herit,37.5622,126.9408,11410,서대문구,보물 벽역신방을 소장한 연세대 세브란스의 의학 박물관.,"Yonsei Severance's medical museum, holding the Treasure Byeogyeoksinbang medical text.",,"국가유산 보물 소재지(보물 1건, 2026-10-04 국가유산 기본정보)","좌표 수기 입력(소재지 주소 기준, 지도 검증 필요, 2026-10-04)"
서울,,1,서울 문묘,Munmyo Shrine and Seonggyungwan (Seoul),herit,37.5850,126.9990,11110,종로구,보물 서울 문묘 및 성균관 대성전·명륜당 등이 있는 명륜동의 유교 성지.,"The Confucian shrine and academy in Myeongnyun-dong, whose Daeseongjeon and Myeongnyundang are Treasures.",,"국가유산 보물 소재지(보물 1건, 2026-10-04 국가유산 기본정보)","좌표 수기 입력(소재지 주소 기준, 지도 검증 필요, 2026-10-04)"
서울,,1,서울 북한산 구기동 마애여래좌상,Rock-carved Seated Buddha in Gugi-dong (Seoul),herit,37.6115,126.9600,11110,종로구,보물로 지정된 북한산 구기동 계곡의 마애여래좌상.,A Treasure-listed rock-carved seated Buddha in the Gugi-dong valley of Bukhansan.,,"국가유산 보물 소재지(보물 1건, 2026-10-04 국가유산 기본정보)","좌표 수기 입력(소재지 주소 기준, 지도 검증 필요, 2026-10-04)"
서울,,1,서울 살곶이 다리,Salgoji Bridge (Seoul),herit,37.5550,127.0480,11200,성동구,"보물로 지정된 조선시대 돌다리, 성동구 살곶이 다리.","Salgoji Bridge, a Treasure-listed Joseon stone bridge in Seongdong-gu.",,"국가유산 보물 소재지(보물 1건, 2026-10-04 국가유산 기본정보)","좌표 수기 입력(소재지 주소 기준, 지도 검증 필요, 2026-10-04)"
서울,,1,서울 삼천사지,Samcheonsa Temple Site (Seoul),herit,37.6440,126.9520,11380,은평구,보물 서울 삼천사지 마애여래입상이 있는 북한산 진관동의 절터.,"A temple site in Jingwan-dong, Bukhansan, with a Treasure rock-carved standing Buddha.",,"국가유산 보물 소재지(보물 1건, 2026-10-04 국가유산 기본정보)","좌표 수기 입력(소재지 주소 기준, 지도 검증 필요, 2026-10-04)"
서울,,1,서강대학교박물관,Sogang University Museum,herit,37.5510,126.9410,11440,마포구,보물 양사언 초서를 소장한 서강대학교 박물관.,"Sogang University's museum, holding the Treasure cursive calligraphy of Yang Sa-eon.",,"국가유산 보물 소재지(보물 1건, 2026-10-04 국가유산 기본정보)","좌표 수기 입력(소재지 주소 기준, 지도 검증 필요, 2026-10-04)"
서울,,1,서울옥션,Seoul Auction,herit,37.6075,126.9670,11110,종로구,보물 청량산 괘불탱을 보관한 평창동의 미술품 경매사.,An art auction house in Pyeongchang-dong holding the Treasure Cheongnyangsan hanging Buddhist painting.,,"국가유산 보물 소재지(보물 1건, 2026-10-04 국가유산 기본정보)","좌표 수기 입력(소재지 주소 기준, 지도 검증 필요, 2026-10-04)"
서울,,1,서울 선학원 칠보사,Chilbosa Temple (Seoul),herit,37.5890,126.9820,11110,종로구,보물 목조석가여래좌상을 모신 삼청동의 사찰.,A temple in Samcheong-dong enshrining the Treasure wooden seated Shakyamuni Buddha.,,"국가유산 보물 소재지(보물 1건, 2026-10-04 국가유산 기본정보)","좌표 수기 입력(소재지 주소 기준, 지도 검증 필요, 2026-10-04)"
서울,,1,성신여대박물관,Sungshin Women's University Museum,herit,37.5915,127.0220,11290,성북구,보물 대동여지도를 소장한 성신여대 박물관.,"Sungshin Women's University Museum, holding a Treasure copy of the Daedongyeojido map.",,"국가유산 보물 소재지(보물 1건, 2026-10-04 국가유산 기본정보)","좌표 수기 입력(소재지 주소 기준, 지도 검증 필요, 2026-10-04)"
서울,,1,성신여자대학교박물관,Sungshin Women's University Museum,herit,37.5915,127.0220,11290,성북구,보물 앙부일구를 소장한 성신여대 박물관.,"Sungshin Women's University Museum, holding a Treasure Angbuilgu sundial.",,"국가유산 보물 소재지(보물 1건, 2026-10-04 국가유산 기본정보)","좌표 수기 입력(소재지 주소 기준, 지도 검증 필요, 2026-10-04)"
서울,,1,서울 이윤탁 한글영비,Yi Yun-tak Hangeul Tombstone (Seoul),herit,37.6375,127.0702,11350,노원구,보물 서울 이윤탁 한글영비가 있는 하계동의 묘역.,A tomb site in Hagye-dong with the Treasure Hangeul tombstone of Yi Yun-tak.,,"국가유산 보물 소재지(보물 1건, 2026-10-04 국가유산 기본정보)","좌표 수기 입력(소재지 주소 기준, 지도 검증 필요, 2026-10-04)"
서울,,1,서울 수국사,Suguksa Temple (Seoul),herit,37.6130,126.9070,11380,은평구,보물 목조아미타여래좌상 및 복장유물을 모신 구산동의 사찰.,A temple in Gusan-dong enshrining the Treasure wooden seated Amitabha and its interred relics.,,"국가유산 보물 소재지(보물 1건, 2026-10-04 국가유산 기본정보)","좌표 수기 입력(소재지 주소 기준, 지도 검증 필요, 2026-10-04)"
서울,,1,숙명여대박물관,Sookmyung Women's University Museum,herit,37.5463,126.9645,11170,용산구,보물 근사록을 소장한 숙명여대 박물관.,"Sookmyung Women's University Museum, holding Treasure volumes of the Geunsarok.",,"국가유산 보물 소재지(보물 1건, 2026-10-04 국가유산 기본정보)","좌표 수기 입력(소재지 주소 기준, 지도 검증 필요, 2026-10-04)"
서울,,1,서울 승가사,Seunggasa Temple (Seoul),herit,37.6220,126.9620,11110,종로구,보물 석조승가대사좌상을 모신 북한산 비봉 아래의 사찰.,"A temple below Bibong Peak of Bukhansan, enshrining the Treasure stone seated statue of Monk Sangha.",,"국가유산 보물 소재지(보물 1건, 2026-10-04 국가유산 기본정보)","좌표 수기 입력(소재지 주소 기준, 지도 검증 필요, 2026-10-04)"
서울,,1,서울 심택사,Simtaeksa Temple (Seoul),herit,37.5960,126.9180,11380,은평구,보물 묘법연화경 권4~7을 소장한 응암동의 사찰.,A temple in Eungam-dong holding Treasure volumes 4–7 of the Lotus Sutra.,,"국가유산 보물 소재지(보물 1건, 2026-10-04 국가유산 기본정보)","좌표 수기 입력(소재지 주소 기준, 지도 검증 필요, 2026-10-04) · 대략 위치"
서울,,1,서울 옥천암,Okcheonam Hermitage (Seoul),herit,37.5995,126.9505,11410,서대문구,보물 서울 옥천암 마애보살좌상을 품은 홍은동 홍제천 변의 암자.,"A hermitage by Hongjecheon in Hongeun-dong, home to the Treasure rock-carved seated Bodhisattva.",,"국가유산 보물 소재지(보물 1건, 2026-10-04 국가유산 기본정보)","좌표 수기 입력(소재지 주소 기준, 지도 검증 필요, 2026-10-04)"
서울,,1,서울 인조별서 유기비,Monument at King Injo's Villa Site (Seoul),herit,37.6040,126.9180,11380,은평구,보물로 지정된 역촌동의 인조 별서 터 비석.,The Treasure-listed stele at King Injo's former villa site in Yeokchon-dong.,,"국가유산 보물 소재지(보물 1건, 2026-10-04 국가유산 기본정보)","좌표 수기 입력(소재지 주소 기준, 지도 검증 필요, 2026-10-04)"
서울,,1,서울 장의사지,Jangeuisa Temple Site (Seoul),herit,37.6020,126.9590,11110,종로구,보물 서울 장의사지 당간지주가 남은 신영동의 절터.,A temple site in Sinyeong-dong where the Treasure flagpole supports remain.,,"국가유산 보물 소재지(보물 1건, 2026-10-04 국가유산 기본정보)","좌표 수기 입력(소재지 주소 기준, 지도 검증 필요, 2026-10-04)"
서울,,1,서울 창의문,Changuimun Gate (Seoul),herit,37.5925,126.9665,11110,종로구,"보물로 지정된 한양도성 북소문, 창의문.","Changuimun, the Treasure-listed northern small gate of the Seoul city wall.",,"국가유산 보물 소재지(보물 1건, 2026-10-04 국가유산 기본정보)","좌표 수기 입력(소재지 주소 기준, 지도 검증 필요, 2026-10-04)"
서울,,1,홍익대학교박물관,Hongik University Museum,herit,37.5510,126.9250,11440,마포구,보물 안중근 의사 유묵을 소장한 홍익대학교 박물관.,"Hongik University Museum, holding a Treasure calligraphy by An Jung-geun.",,"국가유산 보물 소재지(보물 1건, 2026-10-04 국가유산 기본정보)","좌표 수기 입력(소재지 주소 기준, 지도 검증 필요, 2026-10-04)"
서천,,1,서천 봉서사,Bongseosa Temple (Seocheon),herit,36.0900,126.8000,44770,서천군,보물 목조아미타여래삼존좌상을 모신 한산면 건지산의 사찰.,"A temple on Geonjisan in Hansan-myeon, enshrining the Treasure wooden Amitabha triad.",,"국가유산 보물 소재지(보물 1건, 2026-10-04 국가유산 기본정보)","좌표 수기 입력(소재지 주소 기준, 지도 검증 필요, 2026-10-04) · 대략 위치"
서천,,1,서천 성북리 오층석탑,Five-story Stone Pagoda in Seongbuk-ri (Seocheon),herit,36.1340,126.6250,44770,서천군,보물로 지정된 서천 비인면 성북리의 오층석탑.,"A Treasure-listed five-story stone pagoda in Seongbuk-ri, Biin-myeon, Seocheon.",,"국가유산 보물 소재지(보물 1건, 2026-10-04 국가유산 기본정보)","좌표 수기 입력(소재지 주소 기준, 지도 검증 필요, 2026-10-04) · 대략 위치"
성남,,1,성남 봉국사,Bongguksa Temple (Seongnam),herit,37.4440,127.1340,41131,성남시수정구,보물 성남 봉국사 대광명전이 있는 태평동의 사찰.,"A temple in Taepyeong-dong, Seongnam, whose Daegwangmyeongjeon hall is a Treasure.",,"국가유산 보물 소재지(보물 1건, 2026-10-04 국가유산 기본정보)","좌표 수기 입력(소재지 주소 기준, 지도 검증 필요, 2026-10-04)"
성주,,1,성주 금봉리 석조비로자나불좌상,Stone Seated Vairocana Buddha in Geumbong-ri (Seongju),herit,35.8900,128.1250,47840,성주군,보물로 지정된 성주 가천면 금봉리의 석조비로자나불좌상.,"A Treasure-listed stone seated Vairocana Buddha in Geumbong-ri, Gacheon-myeon, Seongju.",,"국가유산 보물 소재지(보물 1건, 2026-10-04 국가유산 기본정보)","좌표 수기 입력(소재지 주소 기준, 지도 검증 필요, 2026-10-04) · 대략 위치"
성주,,1,성주 대성및 명륜당,Seongju Hyanggyo Confucian School,herit,35.9230,128.2780,47840,성주군,보물 성주향교 대성전 및 명륜당이 있는 성주읍의 향교.,"Seongju's Confucian school, whose Daeseongjeon and Myeongnyundang are Treasures.",,"국가유산 보물 소재지(보물 1건, 2026-10-04 국가유산 기본정보)","좌표 수기 입력(소재지 주소 기준, 지도 검증 필요, 2026-10-04)"
성주,,1,성주 법수사지,Beopsusa Temple Site (Seongju),herit,35.8270,128.1250,47840,성주군,보물 성주 법수사지 삼층석탑이 남은 가야산 자락의 절터.,A temple site at the foot of Gayasan with a Treasure three-story stone pagoda.,,"국가유산 보물 소재지(보물 1건, 2026-10-04 국가유산 기본정보)","좌표 수기 입력(소재지 주소 기준, 지도 검증 필요, 2026-10-04) · 대략 위치"
성주,,1,성주 선석사,Seonseoksa Temple (Seongju),herit,35.9330,128.2230,47840,성주군,보물 선석사 영산회 괘불탱을 소장한 세종대왕자 태실 곁의 사찰.,"A temple beside the royal placenta chambers of King Sejong's sons, holding a Treasure hanging painting.",,"국가유산 보물 소재지(보물 1건, 2026-10-04 국가유산 기본정보)","좌표 수기 입력(소재지 주소 기준, 지도 검증 필요, 2026-10-04) · 대략 위치"
성주,,1,성주 심원사,Simwonsa Temple (Seongju),herit,35.8360,128.1320,47840,성주군,보물 길흉축월횡간 고려목판을 소장한 가야산 자락의 사찰.,A temple at the foot of Gayasan holding the Treasure Goryeo woodblock of a monthly almanac.,,"국가유산 보물 소재지(보물 1건, 2026-10-04 국가유산 기본정보)","좌표 수기 입력(소재지 주소 기준, 지도 검증 필요, 2026-10-04) · 대략 위치"
속초,,1,속초 향성사지,Hyangseongsa Temple Site (Sokcho),herit,38.1740,128.4900,51210,속초시,보물 속초 향성사지 삼층석탑이 남은 설악동의 절터.,A temple site in Seorak-dong with the Treasure three-story stone pagoda.,1,"국가유산 보물 소재지(보물 1건, 2026-10-04 국가유산 기본정보)","좌표 수기 입력(소재지 주소 기준, 지도 검증 필요, 2026-10-04)"
수원,,1,수원향교,Suwon Hyanggyo,herit,37.2735,127.0120,41115,수원시팔달구,보물 수원향교 대성전이 있는 팔달산 자락의 향교.,"Suwon's Confucian school below Paldalsan, whose Daeseongjeon shrine is a Treasure.",,"국가유산 보물 소재지(보물 1건, 2026-10-04 국가유산 기본정보)","좌표 수기 입력(소재지 주소 기준, 지도 검증 필요, 2026-10-04)"
수원,,1,수원 서북공심돈,Seobuk Gongsimdon Watchtower (Suwon),herit,37.2875,127.0120,41115,수원시장안구,"보물로 지정된 수원 화성의 망루, 서북공심돈.","Seobuk Gongsimdon, a Treasure-listed watchtower of Hwaseong Fortress.",,"국가유산 보물 소재지(보물 1건, 2026-10-04 국가유산 기본정보)","좌표 수기 입력(소재지 주소 기준, 지도 검증 필요, 2026-10-04)"
수원,,1,수원 창성사지,Changseongsa Temple Site Stele (Suwon),herit,37.2870,127.0200,41115,수원시장안구,보물 수원 창성사지 진각국사탑비가 있는 곳.,Home to the Treasure stele for State Preceptor Jingak from the Changseongsa temple site.,,"국가유산 보물 소재지(보물 1건, 2026-10-04 국가유산 기본정보)","좌표 수기 입력(소재지 주소 기준, 지도 검증 필요, 2026-10-04)"
수원,,1,수원 화령전,Hwaryeongjeon Shrine (Suwon),herit,37.2820,127.0130,41115,수원시팔달구,보물 화령전 운한각·복도각·이안청이 있는 정조의 사당.,"King Jeongjo's portrait shrine, whose Unhangak, corridor and Iancheong halls are Treasures.",1,"국가유산 보물 소재지(보물 1건, 2026-10-04 국가유산 기본정보)","좌표 수기 입력(소재지 주소 기준, 지도 검증 필요, 2026-10-04)"
수원,,1,수원 화서문,Hwaseomun Gate (Suwon),herit,37.2870,127.0110,41115,수원시장안구,"보물로 지정된 수원 화성의 서문, 화서문.","Hwaseomun, the Treasure-listed west gate of Hwaseong Fortress.",,"국가유산 보물 소재지(보물 1건, 2026-10-04 국가유산 기본정보)","좌표 수기 입력(소재지 주소 기준, 지도 검증 필요, 2026-10-04)"
순창,,1,순창 구암사,Guamsa Temple (Sunchang),herit,35.4539,126.8856,52770,순창군,보물 월인석보 권15를 소장한 복흥면 영구산의 사찰.,A temple in Bokheung-myeon holding Treasure volume 15 of the Worinseokbo.,,"국가유산 보물 소재지(보물 1건, 2026-10-04 국가유산 기본정보)","좌표 수기 입력(소재지 주소 기준, 지도 검증 필요, 2026-10-04)"
순천,,1,순천향교,Suncheon Hyanggyo,herit,34.9540,127.4820,12150,순천시,보물 순천향교 대성전이 있는 금곡동의 향교.,"Suncheon's Confucian school in Geumgok-dong, whose Daeseongjeon shrine is a Treasure.",1,"국가유산 보물 소재지(보물 1건, 2026-10-04 국가유산 기본정보)","좌표 수기 입력(소재지 주소 기준, 지도 검증 필요, 2026-10-04)"
순천,,1,순천대학교박물관,Sunchon National University Museum,herit,34.9690,127.4790,12150,순천시,보물 수능엄경 권1을 소장한 순천대학교 박물관.,"Sunchon National University Museum, holding a Treasure volume 1 of the Surangama Sutra.",,"국가유산 보물 소재지(보물 1건, 2026-10-04 국가유산 기본정보)","좌표 수기 입력(소재지 주소 기준, 지도 검증 필요, 2026-10-04)"
순천,,1,순천 정혜사,Jeonghyesa Temple (Suncheon),herit,34.9900,127.4300,12150,순천시,보물 순천 정혜사 대웅전이 있는 서면 계족산의 사찰.,"A temple in Seo-myeon, Suncheon, whose main hall Daeungjeon is a Treasure.",,"국가유산 보물 소재지(보물 1건, 2026-10-04 국가유산 기본정보)","좌표 수기 입력(소재지 주소 기준, 지도 검증 필요, 2026-10-04) · 대략 위치"
순천,,1,순천 팔마비,Palma Stele (Suncheon),herit,34.9520,127.4850,12150,순천시,보물로 지정된 청렴 관리를 기린 순천 팔마비.,"The Palma Stele, a Treasure honoring an incorruptible magistrate of Suncheon.",1,"국가유산 보물 소재지(보물 1건, 2026-10-04 국가유산 기본정보)","좌표 수기 입력(소재지 주소 기준, 지도 검증 필요, 2026-10-04)"
시흥,,1,시흥 소래산 마애보살입상,Rock-carved Standing Bodhisattva on Soraesan (Siheung),herit,37.4430,126.7960,41390,시흥시,보물로 지정된 소래산 중턱의 마애보살입상.,A Treasure-listed rock-carved standing Bodhisattva on the slope of Soraesan.,,"국가유산 보물 소재지(보물 1건, 2026-10-04 국가유산 기본정보)","좌표 수기 입력(소재지 주소 기준, 지도 검증 필요, 2026-10-04)"
아산,,1,아산 세심사,Sesimsa Temple (Asan),herit,36.8200,126.9850,44200,아산시,보물 불설대보부모은중경(언해) 목판을 소장한 영인산 자락의 사찰.,A temple on Yeonginsan holding the Treasure woodblocks of the vernacular Sutra on Parental Kindness.,,"국가유산 보물 소재지(보물 1건, 2026-10-04 국가유산 기본정보)","좌표 수기 입력(소재지 주소 기준, 지도 검증 필요, 2026-10-04) · 대략 위치"
아산,,1,아산 읍내동 당간지주,Flagpole Supports in Eumnae-dong (Asan),herit,36.7960,127.0060,44200,아산시,보물로 지정된 아산 읍내동의 당간지주.,"Treasure-listed flagpole supports in Eumnae-dong, Asan.",,"국가유산 보물 소재지(보물 1건, 2026-10-04 국가유산 기본정보)","좌표 수기 입력(소재지 주소 기준, 지도 검증 필요, 2026-10-04) · 대략 위치"
아산,,1,아산 평촌리 석조약사여래입상,Stone Standing Medicine Buddha in Pyeongchon-ri (Asan),herit,36.7220,127.0140,44200,아산시,보물로 지정된 아산 송악면 평촌리의 석조약사여래입상.,"A Treasure-listed stone standing Medicine Buddha in Pyeongchon-ri, Songak-myeon, Asan.",,"국가유산 보물 소재지(보물 1건, 2026-10-04 국가유산 기본정보)","좌표 수기 입력(소재지 주소 기준, 지도 검증 필요, 2026-10-04) · 대략 위치"
안동,,1,안동 개목사,Gaemoksa Temple (Andong),herit,36.6450,128.6570,47170,안동시,보물 안동 개목사 원통전이 있는 천등산의 사찰.,A temple on Cheondeungsan whose Wontongjeon hall is a Treasure.,,"국가유산 보물 소재지(보물 1건, 2026-10-04 국가유산 기본정보)","좌표 수기 입력(소재지 주소 기준, 지도 검증 필요, 2026-10-04) · 대략 위치"
안동,,1,안동 보광사,Bogwangsa Temple (Andong),herit,36.7180,128.8380,47170,안동시,보물 안동 보광사 목조관음보살좌상 및 복장유물을 보관한 곳.,Keeper of the Treasure wooden seated Avalokitesvara of Bogwangsa and its interred relics.,,"국가유산 보물 소재지(보물 1건, 2026-10-04 국가유산 기본정보)","좌표 수기 입력(소재지 주소 기준, 지도 검증 필요, 2026-10-04) · 대략 위치"
안동,,1,안동 봉황사,Bonghwangsa Temple (Andong),herit,36.5467,128.9328,47170,안동시,보물 안동 봉황사 대웅전이 있는 임동면의 사찰.,"A temple in Imdong-myeon, Andong, whose main hall Daeungjeon is a Treasure.",,"국가유산 보물 소재지(보물 1건, 2026-10-04 국가유산 기본정보)","좌표 수기 입력(소재지 주소 기준, 지도 검증 필요, 2026-10-04)"
안동,,1,안동 석빙고,Stone Ice Storage (Andong),herit,36.5590,128.7710,47170,안동시,"보물로 지정된 조선시대 얼음 창고, 안동 석빙고.",The Treasure-listed Joseon stone ice storage of Andong.,,"국가유산 보물 소재지(보물 1건, 2026-10-04 국가유산 기본정보)","좌표 수기 입력(소재지 주소 기준, 지도 검증 필요, 2026-10-04)"
안동,,1,안동 선찰사,Seonchalsa Temple (Andong),herit,36.4560,128.9030,47170,안동시,보물 목조석가여래좌상 및 복장유물을 모신 길안면의 사찰.,A temple in Giran-myeon enshrining the Treasure wooden seated Shakyamuni and its interred relics.,,"국가유산 보물 소재지(보물 1건, 2026-10-04 국가유산 기본정보)","좌표 수기 입력(소재지 주소 기준, 지도 검증 필요, 2026-10-04) · 대략 위치"
안동,,1,안동 소호헌,Sohoheon House (Andong),herit,36.4880,128.6800,47170,안동시,"보물로 지정된 일직면의 조선 고택, 안동 소호헌.","Sohoheon, a Treasure-listed Joseon house in Iljik-myeon, Andong.",,"국가유산 보물 소재지(보물 1건, 2026-10-04 국가유산 기본정보)","좌표 수기 입력(소재지 주소 기준, 지도 검증 필요, 2026-10-04) · 대략 위치"
안동,,1,안동시 외,Stone Seated Buddha in Angi-dong (Andong),herit,36.5720,128.7120,47170,안동시,보물로 지정된 안동 안기동의 석조여래좌상.,"A Treasure-listed stone seated Buddha in Angi-dong, Andong.",,"국가유산 보물 소재지(보물 1건, 2026-10-04 국가유산 기본정보)","좌표 수기 입력(소재지 주소 기준, 지도 검증 필요, 2026-10-04)"
안동,,1,안동 예안이씨 충효당,Chunghyodang of the Yean Yi Clan (Andong),herit,36.5960,128.5410,47170,안동시,보물로 지정된 풍산읍의 예안이씨 종가 충효당.,"Chunghyodang, the Treasure-listed head house of the Yean Yi clan in Pungsan-eup.",,"국가유산 보물 소재지(보물 1건, 2026-10-04 국가유산 기본정보)","좌표 수기 입력(소재지 주소 기준, 지도 검증 필요, 2026-10-04) · 대략 위치"
안동,,1,안동 예안향교 대성전,Yean Hyanggyo Confucian School (Andong),herit,36.7090,128.8440,47170,안동시,보물 안동 예안향교 대성전이 있는 도산면의 향교.,"The Yean Confucian school in Dosan-myeon, whose Daeseongjeon shrine is a Treasure.",,"국가유산 보물 소재지(보물 1건, 2026-10-04 국가유산 기본정보)","좌표 수기 입력(소재지 주소 기준, 지도 검증 필요, 2026-10-04) · 대략 위치"
안동,,1,안동 운흥동 오층전탑,Five-story Brick Pagoda in Unheung-dong (Andong),herit,36.5640,128.7330,47170,안동시,"보물로 지정된 안동역 인근의 통일신라 벽돌탑, 운흥동 오층전탑.","A Treasure-listed five-story brick pagoda in Unheung-dong, central Andong.",1,"국가유산 보물 소재지(보물 1건, 2026-10-04 국가유산 기본정보)","좌표 수기 입력(소재지 주소 기준, 지도 검증 필요, 2026-10-04)"
안동,,1,안동 의성김씨 종택,Head House of the Uiseong Kim Clan (Andong),herit,36.5562,128.8235,47170,안동시,보물로 지정된 임하면 내앞마을의 의성김씨 종택.,"The Treasure-listed head house of the Uiseong Kim clan in Naeap village, Imha-myeon.",,"국가유산 보물 소재지(보물 1건, 2026-10-04 국가유산 기본정보)","좌표 수기 입력(소재지 주소 기준, 지도 검증 필요, 2026-10-04)"
안동,,1,안동 조탑리 오층전탑,Five-story Brick Pagoda in Jotap-ri (Andong),herit,36.4990,128.6810,47170,안동시,보물로 지정된 일직면 조탑리의 오층전탑.,"A Treasure-listed five-story brick pagoda in Jotap-ri, Iljik-myeon, Andong.",,"국가유산 보물 소재지(보물 1건, 2026-10-04 국가유산 기본정보)","좌표 수기 입력(소재지 주소 기준, 지도 검증 필요, 2026-10-04) · 대략 위치"
안동,,1,안동 청원루,Cheongwonru Pavilion (Andong),herit,36.5930,128.5430,47170,안동시,"보물로 지정된 풍산읍 소산마을의 누각, 안동 청원루.","Cheongwonru, a Treasure-listed pavilion in Sosan village, Pungsan-eup.",,"국가유산 보물 소재지(보물 1건, 2026-10-04 국가유산 기본정보)","좌표 수기 입력(소재지 주소 기준, 지도 검증 필요, 2026-10-04) · 대략 위치"
안동,,1,안동 태사묘,Taesamyo Shrine (Andong),herit,36.5670,128.7280,47170,안동시,보물 안동 태사묘 삼공신 유물 일괄을 전하는 북문동의 사당.,A shrine in Bungmun-dong preserving the Treasure relics of the three merit subjects of Taesamyo.,1,"국가유산 보물 소재지(보물 1건, 2026-10-04 국가유산 기본정보)","좌표 수기 입력(소재지 주소 기준, 지도 검증 필요, 2026-10-04)"
안동,,1,안동 평화동 삼층석탑,Three-story Stone Pagoda in Pyeonghwa-dong (Andong),herit,36.5640,128.7180,47170,안동시,보물로 지정된 안동 평화동의 삼층석탑.,"A Treasure-listed three-story stone pagoda in Pyeonghwa-dong, Andong.",1,"국가유산 보물 소재지(보물 1건, 2026-10-04 국가유산 기본정보)","좌표 수기 입력(소재지 주소 기준, 지도 검증 필요, 2026-10-04)"
안동,,1,안동 하회 양진당,Yangjindang House in Hahoe (Andong),herit,36.5390,128.5170,47170,안동시,"보물로 지정된 하회마을 풍산류씨 대종가, 양진당.","Yangjindang, the Treasure-listed head house of the Pungsan Ryu clan in Hahoe Village.",,"국가유산 보물 소재지(보물 1건, 2026-10-04 국가유산 기본정보)","좌표 수기 입력(소재지 주소 기준, 지도 검증 필요, 2026-10-04)"
안동,,1,안동 하회 충효당,Chunghyodang House in Hahoe (Andong),herit,36.5385,128.5180,47170,안동시,"보물로 지정된 서애 류성룡 종가, 하회 충효당.","Chunghyodang, the Treasure-listed head house of Ryu Seong-ryong in Hahoe Village.",,"국가유산 보물 소재지(보물 1건, 2026-10-04 국가유산 기본정보)","좌표 수기 입력(소재지 주소 기준, 지도 검증 필요, 2026-10-04)"
안산,,1,성호박물관,Seongho Memorial Museum,herit,37.3210,126.8580,41271,안산시상록구,보물 이하진 필적 천금물전을 소장한 안산의 성호 이익 기념 박물관.,"Ansan's museum for scholar Yi Ik, holding the Treasure calligraphy of Yi Ha-jin.",,"국가유산 보물 소재지(보물 1건, 2026-10-04 국가유산 기본정보)","좌표 수기 입력(소재지 주소 기준, 지도 검증 필요, 2026-10-04)"
안성,,1,안성 객사,Anseong Guesthouse (Gaeksa),herit,37.0260,127.2950,41550,안성시,보물 안성 객사 정청이 있는 조선시대 객사.,A Joseon government guesthouse whose main hall is a Treasure.,,"국가유산 보물 소재지(보물 1건, 2026-10-04 국가유산 기본정보)","좌표 수기 입력(소재지 주소 기준, 지도 검증 필요, 2026-10-04) · 대략 위치"
안성,,1,안성향교,Anseong Hyanggyo,herit,37.0140,127.2690,41550,안성시,보물 안성향교 대성전이 있는 명륜동의 향교.,"Anseong's Confucian school in Myeongnyun-dong, whose Daeseongjeon shrine is a Treasure.",,"국가유산 보물 소재지(보물 1건, 2026-10-04 국가유산 기본정보)","좌표 수기 입력(소재지 주소 기준, 지도 검증 필요, 2026-10-04) · 대략 위치"
안성,,1,안성 봉업사지,Bongeopsa Temple Site (Anseong),herit,37.0750,127.4290,41550,안성시,보물 안성 봉업사지 오층석탑이 남은 죽산리의 절터.,A temple site in Juksan-ri with the Treasure five-story stone pagoda.,,"국가유산 보물 소재지(보물 1건, 2026-10-04 국가유산 기본정보)","좌표 수기 입력(소재지 주소 기준, 지도 검증 필요, 2026-10-04)"
안성,,1,안성 석남사,Seongnamsa Temple (Anseong),herit,37.0410,127.3790,41550,안성시,보물 안성 석남사 영산전이 있는 서운산 자락의 사찰.,A temple on Seounsan whose Yeongsanjeon hall is a Treasure.,,"국가유산 보물 소재지(보물 1건, 2026-10-04 국가유산 기본정보)","좌표 수기 입력(소재지 주소 기준, 지도 검증 필요, 2026-10-04) · 대략 위치"
안성,,1,안성 청원사,Cheongwonsa Temple (Anseong),herit,37.0330,127.1690,41550,안성시,보물 안성 청원사 대웅전이 있는 원곡면 천덕산의 사찰.,A temple on Cheondeoksan in Wongok-myeon whose main hall is a Treasure.,,"국가유산 보물 소재지(보물 1건, 2026-10-04 국가유산 기본정보)","좌표 수기 입력(소재지 주소 기준, 지도 검증 필요, 2026-10-04) · 대략 위치"
안성,,1,안성 풍화루,Punghwaru Pavilion of Anseong Hyanggyo,herit,37.0140,127.2690,41550,안성시,"보물로 지정된 안성향교의 문루, 풍화루.","Punghwaru, the Treasure-listed gate pavilion of Anseong Hyanggyo.",,"국가유산 보물 소재지(보물 1건, 2026-10-04 국가유산 기본정보)","좌표 수기 입력(소재지 주소 기준, 지도 검증 필요, 2026-10-04) · 대략 위치"
안양,,1,안양 중초사지,Jungchosa Temple Site (Anyang),herit,37.4180,126.9150,41171,안양시만안구,보물 안양 중초사지 당간지주가 남은 석수동의 절터.,A temple site in Seoksu-dong with the Treasure flagpole supports.,,"국가유산 보물 소재지(보물 1건, 2026-10-04 국가유산 기본정보)","좌표 수기 입력(소재지 주소 기준, 지도 검증 필요, 2026-10-04)"
양산,,1,양산 미타암,Mitaam Hermitage (Yangsan),herit,35.4120,129.1450,48330,양산시,보물 석조아미타여래입상을 석굴에 모신 천성산의 암자.,A hermitage on Cheonseongsan with the Treasure stone standing Amitabha in a grotto.,,"국가유산 보물 소재지(보물 1건, 2026-10-04 국가유산 기본정보)","좌표 수기 입력(소재지 주소 기준, 지도 검증 필요, 2026-10-04) · 대략 위치"
양산,,1,양산 용화사,Yonghwasa Temple (Yangsan),herit,35.3150,129.0150,48330,양산시,보물 양산 용화사 석조여래좌상을 모신 물금읍 낙동강변의 사찰.,"A temple by the Nakdonggang in Mulgeum-eup, enshrining the Treasure stone seated Buddha.",,"국가유산 보물 소재지(보물 1건, 2026-10-04 국가유산 기본정보)","좌표 수기 입력(소재지 주소 기준, 지도 검증 필요, 2026-10-04) · 대략 위치"
양양,,1,양양 오색리 삼층석탑,Three-story Stone Pagoda in Osaek-ri (Yangyang),herit,38.0790,128.5390,51830,양양군,보물로 지정된 오색 성국사 터의 삼층석탑.,"A Treasure-listed three-story stone pagoda at Seongguksa in Osaek-ri, Yangyang.",,"국가유산 보물 소재지(보물 1건, 2026-10-04 국가유산 기본정보)","좌표 수기 입력(소재지 주소 기준, 지도 검증 필요, 2026-10-04)"
양주,,1,양주 송암사,Songamsa Temple (Yangju),herit,37.7180,126.9560,41630,양주시,보물 반야심경소현정기(언해)를 간직한 양주의 사찰.,A temple in Yangju that holds a Treasure-designated Buddhist scripture.,,"국가유산 보물 소재지(보물 1건, 2026-10-04 국가유산 기본정보)","좌표 수기 입력(소재지 주소 기준, 지도 검증 필요, 2026-10-04) · 대략 위치"
여수,,1,여수 타루비,Taru Monument (Yeosu),herit,34.7389,127.7392,12130,여수시,여수에 자리한 보물 타루비.,"Taru Monument, a Treasure-designated heritage site in Yeosu.",1,"국가유산 보물 소재지(보물 1건, 2026-10-04 국가유산 기본정보)","좌표 수기 입력(소재지 주소 기준, 지도 검증 필요, 2026-10-04)"
여수,,1,여수 통제이공 수군대첩비,Monument to Admiral Yi's Naval Victory (Yeosu),herit,34.7390,127.7394,12130,여수시,여수에 자리한 보물 통제이공 수군대첩비.,"Monument to Admiral Yi's Naval Victory, a Treasure-designated heritage site in Yeosu.",1,"국가유산 보물 소재지(보물 1건, 2026-10-04 국가유산 기본정보)","좌표 수기 입력(소재지 주소 기준, 지도 검증 필요, 2026-10-04)"
여주,,1,여주 창리 삼층석탑,Chang-ri Three-story Stone Pagoda (Yeoju),herit,37.2985,127.6370,41670,여주시,여주에 자리한 보물 창리 삼층석탑.,"Chang-ri Three-story Stone Pagoda, a Treasure-designated heritage site in Yeoju.",,"국가유산 보물 소재지(보물 1건, 2026-10-04 국가유산 기본정보)","좌표 수기 입력(소재지 주소 기준, 지도 검증 필요, 2026-10-04) · 대략 위치"
여주,,1,여주 하리 삼층석탑,Ha-ri Three-story Stone Pagoda (Yeoju),herit,37.2986,127.6372,41670,여주시,여주에 자리한 보물 하리 삼층석탑.,"Ha-ri Three-story Stone Pagoda, a Treasure-designated heritage site in Yeoju.",1,"국가유산 보물 소재지(보물 1건, 2026-10-04 국가유산 기본정보)","좌표 수기 입력(소재지 주소 기준, 지도 검증 필요, 2026-10-04) · 대략 위치"
영광,,1,영광 신천리 삼층석탑,Sincheon-ri Three-story Stone Pagoda (Yeonggwang),herit,35.2560,126.5320,12830,영광군,영광에 자리한 보물 신천리 삼층석탑.,"Sincheon-ri Three-story Stone Pagoda, a Treasure-designated heritage site in Yeonggwang.",,"국가유산 보물 소재지(보물 1건, 2026-10-04 국가유산 기본정보)","좌표 수기 입력(소재지 주소 기준, 지도 검증 필요, 2026-10-04) · 대략 위치"
영덕,,1,영덕 유금사,Yugeumsa Temple (Yeongdeok),herit,36.5810,129.3530,47770,영덕군,보물 영덕 유금사 삼층석탑을 간직한 영덕의 사찰.,A temple in Yeongdeok that holds a Treasure-designated stone pagoda.,,"국가유산 보물 소재지(보물 1건, 2026-10-04 국가유산 기본정보)","좌표 수기 입력(소재지 주소 기준, 지도 검증 필요, 2026-10-04) · 대략 위치"
영동,,1,영동 반야사,Banyasa Temple (Yeongdong),herit,36.2420,127.9200,43740,영동군,보물 영동 반야사 삼층석탑을 간직한 영동의 사찰.,A temple in Yeongdong that holds a Treasure-designated stone pagoda.,,"국가유산 보물 소재지(보물 1건, 2026-10-04 국가유산 기본정보)","좌표 수기 입력(소재지 주소 기준, 지도 검증 필요, 2026-10-04)"
영동,,1,영동 세천재,Secheonjae Shrine (Yeongdong),herit,36.1680,127.9010,43740,영동군,영동에 자리한 보물 세천재.,"Secheonjae Shrine, a Treasure-designated heritage site in Yeongdong.",,"국가유산 보물 소재지(보물 1건, 2026-10-04 국가유산 기본정보)","좌표 수기 입력(소재지 주소 기준, 지도 검증 필요, 2026-10-04) · 대략 위치"
영동,,1,영동 신항리 석조여래삼존입상,Sinhang-ri Stone Buddha Triad (Yeongdong),herit,36.2330,127.8200,43740,영동군,영동에 자리한 보물 신항리 석조여래삼존입상.,"Sinhang-ri Stone Buddha Triad, a Treasure-designated heritage site in Yeongdong.",,"국가유산 보물 소재지(보물 1건, 2026-10-04 국가유산 기본정보)","좌표 수기 입력(소재지 주소 기준, 지도 검증 필요, 2026-10-04) · 대략 위치"
영암,,1,영암 성풍사지,Seongpungsa Temple Site (Yeongam),herit,34.8030,126.6930,46830,영암군,보물 영암 성풍사지 오층석탑이 남아 있는 영암의 옛 절터.,A former temple site in Yeongam where a Treasure-designated stone pagoda remains.,,"국가유산 보물 소재지(보물 1건, 2026-10-04 국가유산 기본정보)","좌표 수기 입력(소재지 주소 기준, 지도 검증 필요, 2026-10-04)"
영암,,1,영암 엄길리 암각 매향명,Eomgil-ri Rock-carved Maehyang Inscription (Yeongam),herit,34.7880,126.6050,46830,영암군,영암에 자리한 보물 엄길리 암각 매향명.,"Eomgil-ri Rock-carved Maehyang Inscription, a Treasure-designated heritage site in Yeongam.",,"국가유산 보물 소재지(보물 1건, 2026-10-04 국가유산 기본정보)","좌표 수기 입력(소재지 주소 기준, 지도 검증 필요, 2026-10-04) · 대략 위치"
영암,,1,영암 영보정,Yeongbojeong Pavilion (Yeongam),herit,34.8170,126.6470,46830,영암군,영암에 자리한 보물 영보정.,"Yeongbojeong Pavilion, a Treasure-designated heritage site in Yeongam.",,"국가유산 보물 소재지(보물 1건, 2026-10-04 국가유산 기본정보)","좌표 수기 입력(소재지 주소 기준, 지도 검증 필요, 2026-10-04) · 대략 위치"
영암,,1,영암 월출산 용암사지 삼층석탑,Yongamsa Temple Site Three-story Pagoda (Wolchulsan),herit,34.7600,126.6880,46830,영암군,영암에 자리한 보물 월출산 용암사지 삼층석탑.,"Yongamsa Temple Site Three-story Pagoda, a Treasure-designated heritage site in Yeongam.",,"국가유산 보물 소재지(보물 1건, 2026-10-04 국가유산 기본정보)","좌표 수기 입력(소재지 주소 기준, 지도 검증 필요, 2026-10-04) · 대략 위치"
영양,,1,영양 현리 삼층석탑,Hyeon-ri Three-story Stone Pagoda (Yeongyang),herit,36.6680,129.1180,47760,영양군,영양에 자리한 보물 현리 삼층석탑.,"Hyeon-ri Three-story Stone Pagoda, a Treasure-designated heritage site in Yeongyang.",,"국가유산 보물 소재지(보물 1건, 2026-10-04 국가유산 기본정보)","좌표 수기 입력(소재지 주소 기준, 지도 검증 필요, 2026-10-04) · 대략 위치"
영양,,1,영양 현리 오층모전석탑,Hyeon-ri Five-story Brick-style Pagoda (Yeongyang),herit,36.6650,129.1215,47760,영양군,영양에 자리한 보물 현리 오층모전석탑.,"Hyeon-ri Five-story Brick-style Pagoda, a Treasure-designated heritage site in Yeongyang.",1,"국가유산 보물 소재지(보물 1건, 2026-10-04 국가유산 기본정보)","좌표 수기 입력(소재지 주소 기준, 지도 검증 필요, 2026-10-04) · 대략 위치"
영양,,1,영양 화천리 삼층석탑,Hwacheon-ri Three-story Stone Pagoda (Yeongyang),herit,36.6370,129.1230,47760,영양군,영양에 자리한 보물 화천리 삼층석탑.,"Hwacheon-ri Three-story Stone Pagoda, a Treasure-designated heritage site in Yeongyang.",,"국가유산 보물 소재지(보물 1건, 2026-10-04 국가유산 기본정보)","좌표 수기 입력(소재지 주소 기준, 지도 검증 필요, 2026-10-04) · 대략 위치"
영월,,1,영월 창절사,Changjeolsa Shrine (Yeongwol),herit,37.1840,128.4600,51750,영월군,보물 영월 창절사를 간직한 영월의 사찰.,A temple in Yeongwol that holds a Treasure-designated heritage object.,,"국가유산 보물 소재지(보물 1건, 2026-10-04 국가유산 기본정보)","좌표 수기 입력(소재지 주소 기준, 지도 검증 필요, 2026-10-04)"
영월,,1,영월 흥녕사지,Heungnyeongsa Temple Site (Yeongwol),herit,37.3600,128.2600,51750,영월군,보물 영월 흥녕사지 징효대사탑비가 남아 있는 영월의 옛 절터.,A former temple site in Yeongwol where a Treasure-designated stele remains.,,"국가유산 보물 소재지(보물 1건, 2026-10-04 국가유산 기본정보)","좌표 수기 입력(소재지 주소 기준, 지도 검증 필요, 2026-10-04)"
영주,,1,영주 가흥동 마애여래삼존상 및 여래좌상,Gaheung-dong Rock-carved Buddha Triad (Yeongju),herit,36.8097,128.6128,47210,영주시,영주에 자리한 보물 가흥동 마애여래삼존상 및 여래좌상.,"Gaheung-dong Rock-carved Buddha Triad, a Treasure-designated heritage site in Yeongju.",,"국가유산 보물 소재지(보물 1건, 2026-10-04 국가유산 기본정보)","좌표 수기 입력(소재지 주소 기준, 지도 검증 필요, 2026-10-04)"
영주,,1,영주 석교리 석조여래입상,Seokgyo-ri Standing Stone Buddha (Yeongju),herit,36.9230,128.5880,47210,영주시,영주에 자리한 보물 석교리 석조여래입상.,"Seokgyo-ri Standing Stone Buddha, a Treasure-designated heritage site in Yeongju.",,"국가유산 보물 소재지(보물 1건, 2026-10-04 국가유산 기본정보)","좌표 수기 입력(소재지 주소 기준, 지도 검증 필요, 2026-10-04) · 대략 위치"
영주,,1,영주 성혈사,Seonghyeolsa Temple (Yeongju),herit,36.9530,128.5480,47210,영주시,보물 영주 성혈사 나한전을 간직한 영주의 사찰.,A temple in Yeongju that holds a Treasure-designated Arhat hall.,,"국가유산 보물 소재지(보물 1건, 2026-10-04 국가유산 기본정보)","좌표 수기 입력(소재지 주소 기준, 지도 검증 필요, 2026-10-04) · 대략 위치"
영주,,1,영주 숙수사지,Suksusa Temple Site (Yeongju),herit,36.9255,128.5795,47210,영주시,보물 영주 숙수사지 당간지주가 남아 있는 영주의 옛 절터.,A former temple site in Yeongju where a Treasure-designated flagpole supports remains.,,"국가유산 보물 소재지(보물 1건, 2026-10-04 국가유산 기본정보)","좌표 수기 입력(소재지 주소 기준, 지도 검증 필요, 2026-10-04)"
영주,,1,영주 신암리 마애여래삼존상,Sinam-ri Rock-carved Buddha Triad (Yeongju),herit,36.8660,128.6450,47210,영주시,영주에 자리한 보물 신암리 마애여래삼존상.,"Sinam-ri Rock-carved Buddha Triad, a Treasure-designated heritage site in Yeongju.",,"국가유산 보물 소재지(보물 1건, 2026-10-04 국가유산 기본정보)","좌표 수기 입력(소재지 주소 기준, 지도 검증 필요, 2026-10-04) · 대략 위치"
영주,,1,영주동 석조여래입상,Yeongju-dong Standing Stone Buddha (Yeongju),herit,36.8105,128.6120,47210,영주시,영주에 자리한 보물 영주동 석조여래입상.,"Yeongju-dong Standing Stone Buddha, a Treasure-designated heritage site in Yeongju.",1,"국가유산 보물 소재지(보물 1건, 2026-10-04 국가유산 기본정보)","좌표 수기 입력(소재지 주소 기준, 지도 검증 필요, 2026-10-04)"
영천,,1,영천향교,Yeongcheon Hyanggyo,herit,35.9700,128.9330,47230,영천시,영천에 자리한 보물 영천향교 대성전.,"Yeongcheon Hyanggyo Daeseongjeon, a Treasure-designated heritage site in Yeongcheon.",,"국가유산 보물 소재지(보물 1건, 2026-10-04 국가유산 기본정보)","좌표 수기 입력(소재지 주소 기준, 지도 검증 필요, 2026-10-04)"
영천,,1,영천 봉림사,Bongnimsa Temple (Yeongcheon),herit,36.1100,128.9600,47230,영천시,보물 영천 봉림사 영산회상도 및 복장유물을 간직한 영천의 사찰.,A temple in Yeongcheon that holds a Treasure-designated Buddhist painting and relics.,,"국가유산 보물 소재지(보물 1건, 2026-10-04 국가유산 기본정보)","좌표 수기 입력(소재지 주소 기준, 지도 검증 필요, 2026-10-04) · 대략 위치"
영천,,1,영천 선정사,Seonjeongsa Temple (Yeongcheon),herit,36.0270,128.9890,47230,영천시,보물 영천 선원동 철조여래좌상을 간직한 영천의 사찰.,A temple in Yeongcheon that holds a Treasure-designated iron Buddha.,,"국가유산 보물 소재지(보물 1건, 2026-10-04 국가유산 기본정보)","좌표 수기 입력(소재지 주소 기준, 지도 검증 필요, 2026-10-04) · 대략 위치"
영천,,1,영천 수도사,Sudosa Temple (Yeongcheon),herit,36.0430,128.7550,47230,영천시,보물 수도사 노사나불 괘불탱을 간직한 영천의 사찰.,A temple in Yeongcheon that holds a Treasure-designated hanging Buddhist painting.,,"국가유산 보물 소재지(보물 1건, 2026-10-04 국가유산 기본정보)","좌표 수기 입력(소재지 주소 기준, 지도 검증 필요, 2026-10-04) · 대략 위치"
영천,,1,영천 숭렬당,Sungnyeoldang Hall (Yeongcheon),herit,35.9720,128.9400,47230,영천시,영천에 자리한 보물 숭렬당.,"Sungnyeoldang Hall, a Treasure-designated heritage site in Yeongcheon.",,"국가유산 보물 소재지(보물 1건, 2026-10-04 국가유산 기본정보)","좌표 수기 입력(소재지 주소 기준, 지도 검증 필요, 2026-10-04)"
영천,,1,영천 신월리 삼층석탑,Sinwol-ri Three-story Stone Pagoda (Yeongcheon),herit,35.9330,128.8700,47230,영천시,영천에 자리한 보물 신월리 삼층석탑.,"Sinwol-ri Three-story Stone Pagoda, a Treasure-designated heritage site in Yeongcheon.",,"국가유산 보물 소재지(보물 1건, 2026-10-04 국가유산 기본정보)","좌표 수기 입력(소재지 주소 기준, 지도 검증 필요, 2026-10-04) · 대략 위치"
영천,,1,영천 인종대왕 태실,Placenta Chamber of King Injong (Yeongcheon),herit,35.9970,128.8270,47230,영천시,영천에 자리한 보물 인종대왕 태실.,"Placenta Chamber of King Injong, a Treasure-designated heritage site in Yeongcheon.",,"국가유산 보물 소재지(보물 1건, 2026-10-04 국가유산 기본정보)","좌표 수기 입력(소재지 주소 기준, 지도 검증 필요, 2026-10-04) · 대략 위치"
영천,,1,영천 화남리 삼층석탑,Hwanam-ri Three-story Stone Pagoda (Yeongcheon),herit,36.0380,128.7770,47230,영천시,영천에 자리한 보물 화남리 삼층석탑.,"Hwanam-ri Three-story Stone Pagoda, a Treasure-designated heritage site in Yeongcheon.",,"국가유산 보물 소재지(보물 1건, 2026-10-04 국가유산 기본정보)","좌표 수기 입력(소재지 주소 기준, 지도 검증 필요, 2026-10-04) · 대략 위치"
영천,,1,영천 화남리 석조여래좌상,Hwanam-ri Seated Stone Buddha (Yeongcheon),herit,36.0381,128.7772,47230,영천시,영천에 자리한 보물 화남리 석조여래좌상.,"Hwanam-ri Seated Stone Buddha, a Treasure-designated heritage site in Yeongcheon.",,"국가유산 보물 소재지(보물 1건, 2026-10-04 국가유산 기본정보)","좌표 수기 입력(소재지 주소 기준, 지도 검증 필요, 2026-10-04) · 대략 위치"
예산,,1,예산 대련사,Daeryeonsa Temple (Yesan),herit,36.5760,126.8000,44810,예산군,보물 예산 대련사 비로자나불 괘불도를 간직한 예산의 사찰.,A temple in Yesan that holds a Treasure-designated hanging Buddhist painting.,,"국가유산 보물 소재지(보물 1건, 2026-10-04 국가유산 기본정보)","좌표 수기 입력(소재지 주소 기준, 지도 검증 필요, 2026-10-04) · 대략 위치"
예산,,1,예산 삽교읍 석조보살입상,Sapgyo-eup Standing Stone Bodhisattva (Yesan),herit,36.6720,126.7400,44810,예산군,예산에 자리한 보물 삽교읍 석조보살입상.,"Sapgyo-eup Standing Stone Bodhisattva, a Treasure-designated heritage site in Yesan.",,"국가유산 보물 소재지(보물 1건, 2026-10-04 국가유산 기본정보)","좌표 수기 입력(소재지 주소 기준, 지도 검증 필요, 2026-10-04) · 대략 위치"
예산,,1,예산 화전리 석조사면불상,Hwajeon-ri Four-sided Stone Buddha (Yesan),herit,36.7310,126.6260,44810,예산군,예산에 자리한 보물 화전리 석조사면불상.,"Hwajeon-ri Four-sided Stone Buddha, a Treasure-designated heritage site in Yesan.",,"국가유산 보물 소재지(보물 1건, 2026-10-04 국가유산 기본정보)","좌표 수기 입력(소재지 주소 기준, 지도 검증 필요, 2026-10-04) · 대략 위치"
예천,,1,예천 동본리 삼층석탑,Dongbon-ri Three-story Stone Pagoda (Yecheon),herit,36.6550,128.4470,47900,예천군,예천에 자리한 보물 동본리 삼층석탑.,"Dongbon-ri Three-story Stone Pagoda, a Treasure-designated heritage site in Yecheon.",,"국가유산 보물 소재지(보물 1건, 2026-10-04 국가유산 기본정보)","좌표 수기 입력(소재지 주소 기준, 지도 검증 필요, 2026-10-04)"
예천,,1,예천 동본리 석조여래입상,Dongbon-ri Standing Stone Buddha (Yecheon),herit,36.6551,128.4472,47900,예천군,예천에 자리한 보물 동본리 석조여래입상.,"Dongbon-ri Standing Stone Buddha, a Treasure-designated heritage site in Yecheon.",,"국가유산 보물 소재지(보물 1건, 2026-10-04 국가유산 기본정보)","좌표 수기 입력(소재지 주소 기준, 지도 검증 필요, 2026-10-04)"
예천,,1,예천 명봉사,Myeongbongsa Temple (Yecheon),herit,36.7590,128.3730,47900,예천군,보물 예천 명봉사 경청선원자적선사능운탑비를 간직한 예천의 사찰.,A temple in Yecheon that holds a Treasure-designated stele.,,"국가유산 보물 소재지(보물 1건, 2026-10-04 국가유산 기본정보)","좌표 수기 입력(소재지 주소 기준, 지도 검증 필요, 2026-10-04) · 대략 위치"
예천,,1,예천 보문사,Bomunsa Temple (Yecheon),herit,36.6870,128.5080,47900,예천군,보물 예천 보문사 삼장보살도를 간직한 예천의 사찰.,A temple in Yecheon that holds a Treasure-designated Buddhist painting.,,"국가유산 보물 소재지(보물 1건, 2026-10-04 국가유산 기본정보)","좌표 수기 입력(소재지 주소 기준, 지도 검증 필요, 2026-10-04) · 대략 위치"
예천,,1,예천 야옹정,Yaongjeong Pavilion (Yecheon),herit,36.6730,128.4050,47900,예천군,예천에 자리한 보물 야옹정.,"Yaongjeong Pavilion, a Treasure-designated heritage site in Yecheon.",,"국가유산 보물 소재지(보물 1건, 2026-10-04 국가유산 기본정보)","좌표 수기 입력(소재지 주소 기준, 지도 검증 필요, 2026-10-04) · 대략 위치"
예천,,1,예천 초간종택 별당,Chogan Head House Annex (Yecheon),herit,36.6770,128.3990,47900,예천군,예천에 자리한 보물 예천권씨 초간종택 별당.,"Chogan Head House Annex, a Treasure-designated heritage site in Yecheon.",,"국가유산 보물 소재지(보물 1건, 2026-10-04 국가유산 기본정보)","좌표 수기 입력(소재지 주소 기준, 지도 검증 필요, 2026-10-04) · 대략 위치"
예천,,1,예천 한천사,Hancheonsa Temple (Yecheon),herit,36.7280,128.4980,47900,예천군,보물 예천 한천사 철조비로자나불좌상을 간직한 예천의 사찰.,A temple in Yecheon that holds a Treasure-designated iron Buddha.,,"국가유산 보물 소재지(보물 1건, 2026-10-04 국가유산 기본정보)","좌표 수기 입력(소재지 주소 기준, 지도 검증 필요, 2026-10-04) · 대략 위치"
옥천,,1,옥천 용암사,Yongamsa Temple (Okcheon),herit,36.2960,127.5720,43730,옥천군,보물 옥천 용암사 동·서 삼층석탑을 간직한 옥천의 사찰.,A temple in Okcheon that holds a Treasure-designated stone pagoda.,,"국가유산 보물 소재지(보물 1건, 2026-10-04 국가유산 기본정보)","좌표 수기 입력(소재지 주소 기준, 지도 검증 필요, 2026-10-04)"
옥천,,1,옥천 이지당,Ijidang Hall (Okcheon),herit,36.3500,127.5820,43730,옥천군,옥천에 자리한 보물 이지당.,"Ijidang Hall, a Treasure-designated heritage site in Okcheon.",,"국가유산 보물 소재지(보물 1건, 2026-10-04 국가유산 기본정보)","좌표 수기 입력(소재지 주소 기준, 지도 검증 필요, 2026-10-04) · 대략 위치"
완주,,1,완주 안심사,Ansimsa Temple (Wanju),herit,36.0900,127.2810,52710,완주군,보물 완주 안심사 금강계단을 간직한 완주의 사찰.,A temple in Wanju that holds a Treasure-designated ordination platform.,,"국가유산 보물 소재지(보물 1건, 2026-10-04 국가유산 기본정보)","좌표 수기 입력(소재지 주소 기준, 지도 검증 필요, 2026-10-04) · 대략 위치"
완주,,1,완주 정수사,Jeongsusa Temple (Wanju),herit,35.7550,127.1950,52710,완주군,보물 완주 정수사 목조아미타여래삼존좌상을 간직한 완주의 사찰.,A temple in Wanju that holds a Treasure-designated wooden Buddha statue.,,"국가유산 보물 소재지(보물 1건, 2026-10-04 국가유산 기본정보)","좌표 수기 입력(소재지 주소 기준, 지도 검증 필요, 2026-10-04) · 대략 위치"
용인,,1,용인 백령사,Baengnyeongsa Temple (Yongin),herit,37.2850,127.2340,41461,용인시처인구,보물 대방광원각수다라요의경 권1을 간직한 용인의 사찰.,A temple in Yongin that holds a Treasure-designated Buddhist scripture.,,"국가유산 보물 소재지(보물 1건, 2026-10-04 국가유산 기본정보)","좌표 수기 입력(소재지 주소 기준, 지도 검증 필요, 2026-10-04) · 대략 위치"
용인,,1,용인 서봉사지,Seobongsa Temple Site (Yongin),herit,37.3230,127.0640,41465,용인시수지구,보물 용인 서봉사지 현오국사탑비가 남아 있는 용인의 옛 절터.,A former temple site in Yongin where a Treasure-designated stele remains.,,"국가유산 보물 소재지(보물 1건, 2026-10-04 국가유산 기본정보)","좌표 수기 입력(소재지 주소 기준, 지도 검증 필요, 2026-10-04)"
용인,,1,석주선기념박물관,Seok Joo-seon Memorial Museum,herit,37.3220,127.1270,41465,용인시수지구,보물 안중근의사 유묵 - 욕보동양선개정략시과실기추회하급을 소장한 박물관.,A museum in Yongin that holds a Treasure-designated calligraphy.,,"국가유산 보물 소재지(보물 1건, 2026-10-04 국가유산 기본정보)","좌표 수기 입력(소재지 주소 기준, 지도 검증 필요, 2026-10-04)"
용인,,1,혜정박물관,Hyejeong Museum,herit,37.2420,127.0800,41463,용인시기흥구,보물 함경도·경기도·강원도 지도를 소장한 박물관.,A museum in Yongin that holds a Treasure-designated maps.,,"국가유산 보물 소재지(보물 1건, 2026-10-04 국가유산 기본정보)","좌표 수기 입력(소재지 주소 기준, 지도 검증 필요, 2026-10-04)"
울산,,1,울산 간월사지,Ganwolsa Temple Site (Ulju),herit,35.5550,129.0420,31710,울주군,보물 울주 간월사지 석조여래좌상이 남아 있는 울산의 옛 절터.,A former temple site in Ulsan where a Treasure-designated stone Buddha remains.,,"국가유산 보물 소재지(보물 1건, 2026-10-04 국가유산 기본정보)","좌표 수기 입력(소재지 주소 기준, 지도 검증 필요, 2026-10-04)"
울산,,1,울산 등용사,Deungyongsa Temple (Ulsan),herit,35.4970,129.4310,31170,동구,보물 대혜보각선사서를 간직한 울산의 사찰.,A temple in Ulsan that holds a Treasure-designated Buddhist text.,,"국가유산 보물 소재지(보물 1건, 2026-10-04 국가유산 기본정보)","좌표 수기 입력(소재지 주소 기준, 지도 검증 필요, 2026-10-04) · 대략 위치"
울산,,1,울산 망해사지,Manghaesa Temple Site (Ulju),herit,35.5325,129.2386,31710,울주군,보물 울주 망해사지 승탑이 남아 있는 울산의 옛 절터.,A former temple site in Ulsan where a Treasure-designated stupa remains.,,"국가유산 보물 소재지(보물 1건, 2026-10-04 국가유산 기본정보)","좌표 수기 입력(소재지 주소 기준, 지도 검증 필요, 2026-10-04)"
울산,,1,울산 신흥사,Sinheungsa Temple (Ulsan),herit,35.6380,129.3870,31200,북구,보물 울산 신흥사 석조아미타여래좌상을 간직한 울산의 사찰.,A temple in Ulsan that holds a Treasure-designated stone Buddha.,,"국가유산 보물 소재지(보물 1건, 2026-10-04 국가유산 기본정보)","좌표 수기 입력(소재지 주소 기준, 지도 검증 필요, 2026-10-04) · 대략 위치"
울산,,1,울산 청송사지,Cheongsongsa Temple Site (Ulju),herit,35.5208,129.2236,31710,울주군,보물 울주 청송사지 삼층석탑이 남아 있는 울산의 옛 절터.,A former temple site in Ulsan where a Treasure-designated stone pagoda remains.,,"국가유산 보물 소재지(보물 1건, 2026-10-04 국가유산 기본정보)","좌표 수기 입력(소재지 주소 기준, 지도 검증 필요, 2026-10-04)"
울산,,1,울산 흥덕사,Heungdeoksa Temple (Ulju),herit,35.6140,129.1100,31710,울주군,보물 육경합부를 간직한 울산의 사찰.,A temple in Ulsan that holds a Treasure-designated Buddhist scripture.,,"국가유산 보물 소재지(보물 1건, 2026-10-04 국가유산 기본정보)","좌표 수기 입력(소재지 주소 기준, 지도 검증 필요, 2026-10-04) · 대략 위치"
울진,,1,울진 구산리 삼층석탑,Gusan-ri Three-story Stone Pagoda (Uljin),herit,36.9900,129.3430,47930,울진군,울진에 자리한 보물 구산리 삼층석탑.,"Gusan-ri Three-story Stone Pagoda, a Treasure-designated heritage site in Uljin.",,"국가유산 보물 소재지(보물 1건, 2026-10-04 국가유산 기본정보)","좌표 수기 입력(소재지 주소 기준, 지도 검증 필요, 2026-10-04) · 대략 위치"
원주,,1,원주 강원감영 선화당,Seonhwadang of Gangwon Provincial Office (Wonju),herit,37.3500,127.9500,51130,원주시,원주에 자리한 보물 강원감영 선화당.,"Seonhwadang of Gangwon Provincial Office, a Treasure-designated heritage site in Wonju.",1,"국가유산 보물 소재지(보물 1건, 2026-10-04 국가유산 기본정보)","좌표 수기 입력(소재지 주소 기준, 지도 검증 필요, 2026-10-04)"
의령,,1,의병박물관,Righteous Army Museum (Uiryeong),herit,35.3240,128.2620,48720,의령군,보물 곽재우 유물 일괄을 소장한 박물관.,A museum in Uiryeong that holds a Treasure-designated relics.,,"국가유산 보물 소재지(보물 1건, 2026-10-04 국가유산 기본정보)","좌표 수기 입력(소재지 주소 기준, 지도 검증 필요, 2026-10-04)"
의성,,1,의성 관덕리 삼층석탑,Gwandeok-ri Three-story Stone Pagoda (Uiseong),herit,36.4200,128.6700,47730,의성군,의성에 자리한 보물 관덕리 삼층석탑.,"Gwandeok-ri Three-story Stone Pagoda, a Treasure-designated heritage site in Uiseong.",,"국가유산 보물 소재지(보물 1건, 2026-10-04 국가유산 기본정보)","좌표 수기 입력(소재지 주소 기준, 지도 검증 필요, 2026-10-04) · 대략 위치"
의성,,1,의성 만취당,Manchwidang House (Uiseong),herit,36.4180,128.7320,47730,의성군,의성에 자리한 보물 만취당.,"Manchwidang House, a Treasure-designated heritage site in Uiseong.",,"국가유산 보물 소재지(보물 1건, 2026-10-04 국가유산 기본정보)","좌표 수기 입력(소재지 주소 기준, 지도 검증 필요, 2026-10-04)"
의성,,1,의성 빙산사지,Bingsansa Temple Site (Uiseong),herit,36.2308,128.7553,47730,의성군,보물 의성 빙산사지 오층석탑이 남아 있는 의성의 옛 절터.,A former temple site in Uiseong where a Treasure-designated stone pagoda remains.,,"국가유산 보물 소재지(보물 1건, 2026-10-04 국가유산 기본정보)","좌표 수기 입력(소재지 주소 기준, 지도 검증 필요, 2026-10-04)"
의왕,,1,의왕 청계사,Cheonggyesa Temple (Uiwang),herit,37.4070,127.0200,41430,의왕시,보물 사인비구 제작 동종 - 의왕 청계사 동종을 간직한 의왕의 사찰.,A temple in Uiwang that holds a Treasure-designated bronze bell.,,"국가유산 보물 소재지(보물 1건, 2026-10-04 국가유산 기본정보)","좌표 수기 입력(소재지 주소 기준, 지도 검증 필요, 2026-10-04)"
이천,,1,이천 영월암,Yeongworam Hermitage (Icheon),herit,37.2680,127.4590,41500,이천시,보물 이천 영월암 마애여래입상을 간직한 이천의 사찰.,A temple in Icheon that holds a Treasure-designated rock-carved Buddha.,,"국가유산 보물 소재지(보물 1건, 2026-10-04 국가유산 기본정보)","좌표 수기 입력(소재지 주소 기준, 지도 검증 필요, 2026-10-04)"
이천,,1,이천 장암리 마애보살반가상,Jangam-ri Rock-carved Pensive Bodhisattva (Icheon),herit,37.2510,127.3830,41500,이천시,이천에 자리한 보물 장암리 마애보살반가상.,"Jangam-ri Rock-carved Pensive Bodhisattva, a Treasure-designated heritage site in Icheon.",,"국가유산 보물 소재지(보물 1건, 2026-10-04 국가유산 기본정보)","좌표 수기 입력(소재지 주소 기준, 지도 검증 필요, 2026-10-04) · 대략 위치"
익산,,1,익산 고도리 석조여래입상,Godo-ri Standing Stone Buddhas (Iksan),herit,36.0010,127.0510,52140,익산시,익산에 자리한 보물 고도리 석조여래입상.,"Godo-ri Standing Stone Buddhas, a Treasure-designated heritage site in Iksan.",,"국가유산 보물 소재지(보물 1건, 2026-10-04 국가유산 기본정보)","좌표 수기 입력(소재지 주소 기준, 지도 검증 필요, 2026-10-04)"
익산,,1,익산 관음사,Gwaneumsa Temple (Iksan),herit,35.9480,126.9550,52140,익산시,보물 익산 관음사 목조보살입상을 간직한 익산의 사찰.,A temple in Iksan that holds a Treasure-designated wooden Buddha statue.,,"국가유산 보물 소재지(보물 1건, 2026-10-04 국가유산 기본정보)","좌표 수기 입력(소재지 주소 기준, 지도 검증 필요, 2026-10-04) · 대략 위치"
익산,,1,익산 심곡사,Simgoksa Temple (Iksan),herit,36.0730,127.0220,52140,익산시,보물 익산 심곡사 칠층석탑 출토 금동불감 및 금동아미타여래칠존좌상을 간직한 익산의 사찰.,A temple in Iksan that holds a Treasure-designated stone pagoda.,,"국가유산 보물 소재지(보물 1건, 2026-10-04 국가유산 기본정보)","좌표 수기 입력(소재지 주소 기준, 지도 검증 필요, 2026-10-04) · 대략 위치"
익산,,1,익산 연동리 석조여래좌상,Yeondong-ri Seated Stone Buddha (Iksan),herit,36.0100,127.0080,52140,익산시,익산에 자리한 보물 연동리 석조여래좌상.,"Yeondong-ri Seated Stone Buddha, a Treasure-designated heritage site in Iksan.",,"국가유산 보물 소재지(보물 1건, 2026-10-04 국가유산 기본정보)","좌표 수기 입력(소재지 주소 기준, 지도 검증 필요, 2026-10-04)"
익산,,1,원광대학교 박물관,Wonkwang University Museum,herit,35.9690,126.9570,52140,익산시,보물 대곡사명 감로왕도를 소장한 박물관.,A museum in Iksan that holds a Treasure-designated Buddhist painting.,,"국가유산 보물 소재지(보물 1건, 2026-10-04 국가유산 기본정보)","좌표 수기 입력(소재지 주소 기준, 지도 검증 필요, 2026-10-04)"
인제,,1,인제 봉정암,Bongjeongam Hermitage (Inje),herit,38.1281,128.4481,51810,인제군,보물 인제 봉정암 오층석탑을 간직한 인제의 사찰.,A temple in Inje that holds a Treasure-designated stone pagoda.,,"국가유산 보물 소재지(보물 1건, 2026-10-04 국가유산 기본정보)","좌표 수기 입력(소재지 주소 기준, 지도 검증 필요, 2026-10-04)"
인천,,1,강화역사박물관,Ganghwa History Museum,herit,37.7700,126.4560,28710,강화군,보물 사인비구 제작 동종 - 강화 동종을 소장한 박물관.,A museum in Incheon (Ganghwa) that holds a Treasure-designated bronze bell.,,"국가유산 보물 소재지(보물 1건, 2026-10-04 국가유산 기본정보)","좌표 수기 입력(소재지 주소 기준, 지도 검증 필요, 2026-10-04)"
인천,,1,인천 백련사,Baengnyeonsa Temple (Ganghwa),herit,37.7470,126.4430,28710,강화군,보물 강화 백련사 철조아미타여래좌상을 간직한 인천의 사찰.,A temple in Incheon (Ganghwa) that holds a Treasure-designated iron Buddha.,,"국가유산 보물 소재지(보물 1건, 2026-10-04 국가유산 기본정보)","좌표 수기 입력(소재지 주소 기준, 지도 검증 필요, 2026-10-04) · 대략 위치"
인천,,1,강화 장정리 석조여래입상,Jangjeong-ri Stone Standing Buddha (Ganghwa),herit,37.7700,126.4270,28710,강화군,보물 강화 장정리 석조여래입상이 서 있는 강화 하점면의 문화유산.,"Site of the Treasure Jangjeong-ri Standing Stone Buddha in Hajeom-myeon, Ganghwa.",,"국가유산 보물 소재지(보물 1건, 2026-10-04 국가유산 기본정보)","좌표 수기 입력(소재지 주소 기준, 지도 검증 필요, 2026-10-04) · 대략 위치"
인천,,1,인천 장정리 오층석탑,Jangjeong-ri Five-story Stone Pagoda (Ganghwa),herit,37.7600,126.4340,28710,강화군,인천에 자리한 보물 강화 장정리 오층석탑.,"Jangjeong-ri Five-story Stone Pagoda, a Treasure-designated heritage site in Incheon (Ganghwa).",,"국가유산 보물 소재지(보물 1건, 2026-10-04 국가유산 기본정보)","좌표 수기 입력(소재지 주소 기준, 지도 검증 필요, 2026-10-04) · 대략 위치"
인천,,1,인천 정수사,Jeongsusa Temple (Ganghwa),herit,37.6040,126.4520,28710,강화군,보물 강화 정수사 법당을 간직한 인천의 사찰.,A temple in Incheon (Ganghwa) that holds a Treasure-designated main hall.,,"국가유산 보물 소재지(보물 1건, 2026-10-04 국가유산 기본정보)","좌표 수기 입력(소재지 주소 기준, 지도 검증 필요, 2026-10-04)"
인천,,1,인천 청련사,Cheongnyeonsa Temple (Ganghwa),herit,37.7350,126.4650,28710,강화군,보물 강화 청련사 목조아미타여래좌상을 간직한 인천의 사찰.,A temple in Incheon (Ganghwa) that holds a Treasure-designated wooden Buddha statue.,,"국가유산 보물 소재지(보물 1건, 2026-10-04 국가유산 기본정보)","좌표 수기 입력(소재지 주소 기준, 지도 검증 필요, 2026-10-04) · 대략 위치"
임실,,1,임실 한국불교화엄종 중기사,Junggisa Temple (Imsil),herit,35.6420,127.2580,52750,임실군,보물 임실 진구사지 철조여래좌상을 간직한 임실의 사찰.,A temple in Imsil that holds a Treasure-designated iron Buddha.,,"국가유산 보물 소재지(보물 1건, 2026-10-04 국가유산 기본정보)","좌표 수기 입력(소재지 주소 기준, 지도 검증 필요, 2026-10-04) · 대략 위치"
장수,,1,장수향교,Jangsu Hyanggyo,herit,35.6510,127.5180,52740,장수군,장수에 자리한 보물 장수향교 대성전.,"Jangsu Hyanggyo Daeseongjeon, a Treasure-designated heritage site in Jangsu.",,"국가유산 보물 소재지(보물 1건, 2026-10-04 국가유산 기본정보)","좌표 수기 입력(소재지 주소 기준, 지도 검증 필요, 2026-10-04)"
장흥,,1,장흥 묘덕사,Myodeoksa Temple (Jangheung),herit,34.7000,126.9300,12770,장흥군,보물 불정심관세음보살대다라니경을 간직한 장흥의 사찰.,A temple in Jangheung that holds a Treasure-designated Buddhist scripture.,,"국가유산 보물 소재지(보물 1건, 2026-10-04 국가유산 기본정보)","좌표 수기 입력(소재지 주소 기준, 지도 검증 필요, 2026-10-04) · 대략 위치"
장흥,,1,장흥 천관사,Cheongwansa Temple (Jangheung),herit,34.5320,126.9330,12770,장흥군,보물 장흥 천관사 삼층석탑을 간직한 장흥의 사찰.,A temple in Jangheung that holds a Treasure-designated stone pagoda.,,"국가유산 보물 소재지(보물 1건, 2026-10-04 국가유산 기본정보)","좌표 수기 입력(소재지 주소 기준, 지도 검증 필요, 2026-10-04)"
전주,,1,전주 경기정전,Gyeonggijeon Main Hall (Jeonju),herit,35.8150,127.1497,52111,전주시완산구,전주에 자리한 보물 경기전 정전.,"Gyeonggijeon Main Hall, a Treasure-designated heritage site in Jeonju.",,"국가유산 보물 소재지(보물 1건, 2026-10-04 국가유산 기본정보)","좌표 수기 입력(소재지 주소 기준, 지도 검증 필요, 2026-10-04)"
전주,,1,전주 조경묘,Jogyeongmyo Shrine (Jeonju),herit,35.8160,127.1505,52111,전주시완산구,전주에 자리한 보물 조경묘 정묘.,"Jogyeongmyo Shrine, a Treasure-designated heritage site in Jeonju.",,"국가유산 보물 소재지(보물 1건, 2026-10-04 국가유산 기본정보)","좌표 수기 입력(소재지 주소 기준, 지도 검증 필요, 2026-10-04)"
전주,,1,전주 풍남문,Pungnammun Gate (Jeonju),herit,35.8130,127.1470,52111,전주시완산구,전주에 자리한 보물 풍남문.,"Pungnammun Gate, a Treasure-designated heritage site in Jeonju.",1,"국가유산 보물 소재지(보물 1건, 2026-10-04 국가유산 기본정보)","좌표 수기 입력(소재지 주소 기준, 지도 검증 필요, 2026-10-04)"
전주,,1,전주 풍패지관,Pungpaejigwan Guesthouse (Jeonju),herit,35.8180,127.1440,52111,전주시완산구,전주에 자리한 보물 풍패지관.,"Pungpaejigwan Guesthouse, a Treasure-designated heritage site in Jeonju.",1,"국가유산 보물 소재지(보물 1건, 2026-10-04 국가유산 기본정보)","좌표 수기 입력(소재지 주소 기준, 지도 검증 필요, 2026-10-04)"
정읍,,1,정읍 보화리 석조이불입상,Bohwa-ri Standing Stone Buddha Pair (Jeongeup),herit,35.5700,126.8050,52180,정읍시,정읍에 자리한 보물 보화리 석조이불입상.,"Bohwa-ri Standing Stone Buddha Pair, a Treasure-designated heritage site in Jeongeup.",,"국가유산 보물 소재지(보물 1건, 2026-10-04 국가유산 기본정보)","좌표 수기 입력(소재지 주소 기준, 지도 검증 필요, 2026-10-04) · 대략 위치"
정읍,,1,정읍 은선리 삼층석탑,Eunseon-ri Three-story Stone Pagoda (Jeongeup),herit,35.6190,126.8040,52180,정읍시,정읍에 자리한 보물 은선리 삼층석탑.,"Eunseon-ri Three-story Stone Pagoda, a Treasure-designated heritage site in Jeongeup.",,"국가유산 보물 소재지(보물 1건, 2026-10-04 국가유산 기본정보)","좌표 수기 입력(소재지 주소 기준, 지도 검증 필요, 2026-10-04) · 대략 위치"
정읍,,1,정읍 천곡사지,Cheongoksa Temple Site (Jeongeup),herit,35.5480,126.8920,52180,정읍시,보물 정읍 천곡사지 칠층석탑이 남아 있는 정읍의 옛 절터.,A former temple site in Jeongeup where a Treasure-designated stone pagoda remains.,,"국가유산 보물 소재지(보물 1건, 2026-10-04 국가유산 기본정보)","좌표 수기 입력(소재지 주소 기준, 지도 검증 필요, 2026-10-04) · 대략 위치"
제주,,1,제주향교,Jeju Hyanggyo,herit,33.5110,126.5150,50110,제주시,제주에 자리한 보물 제주향교 대성전.,"Jeju Hyanggyo Daeseongjeon, a Treasure-designated heritage site in Jeju.",,"국가유산 보물 소재지(보물 1건, 2026-10-04 국가유산 기본정보)","좌표 수기 입력(소재지 주소 기준, 지도 검증 필요, 2026-10-04)"
제주,,1,제주 불탑사,Bultapsa Temple (Jeju),herit,33.5180,126.5880,50110,제주시,보물 제주 불탑사 오층석탑을 간직한 제주의 사찰.,A temple in Jeju that holds a Treasure-designated stone pagoda.,,"국가유산 보물 소재지(보물 1건, 2026-10-04 국가유산 기본정보)","좌표 수기 입력(소재지 주소 기준, 지도 검증 필요, 2026-10-04)"
제천,,1,제천 덕주사,Deokjusa Temple (Jecheon),herit,36.8640,128.1000,43150,제천시,보물 제천 덕주사 마애여래입상을 간직한 제천의 사찰.,A temple in Jecheon that holds a Treasure-designated rock-carved Buddha.,,"국가유산 보물 소재지(보물 1건, 2026-10-04 국가유산 기본정보)","좌표 수기 입력(소재지 주소 기준, 지도 검증 필요, 2026-10-04)"
제천,,1,제천 물태리 석조여래입상,Multae-ri Standing Stone Buddha (Jecheon),herit,37.0000,128.1680,43150,제천시,제천에 자리한 보물 물태리 석조여래입상.,"Multae-ri Standing Stone Buddha, a Treasure-designated heritage site in Jecheon.",1,"국가유산 보물 소재지(보물 1건, 2026-10-04 국가유산 기본정보)","좌표 수기 입력(소재지 주소 기준, 지도 검증 필요, 2026-10-04) · 대략 위치"
제천,,1,제천 사자빈신사지,Sajabinsinsa Temple Site (Jecheon),herit,36.8572,128.0833,43150,제천시,보물 제천 사자빈신사지 사사자 구층석탑이 남아 있는 제천의 옛 절터.,A former temple site in Jecheon where a Treasure-designated stone pagoda remains.,,"국가유산 보물 소재지(보물 1건, 2026-10-04 국가유산 기본정보)","좌표 수기 입력(소재지 주소 기준, 지도 검증 필요, 2026-10-04)"
제천,,1,제천 신륵사,Sinreuksa Temple (Jecheon),herit,36.8540,128.1480,43150,제천시,월악산 자락의 사찰로 보물 제천 신륵사 삼층석탑이 있다.,"A temple at the foot of Woraksan, home to the Treasure Sinreuksa Three-story Stone Pagoda.",,"국가유산 보물 소재지(보물 1건, 2026-10-04 국가유산 기본정보)","좌표 수기 입력(소재지 주소 기준, 지도 검증 필요, 2026-10-04) · 대략 위치"
제천,,1,제천 장락동 칠층모전석탑,Jangnak-dong Seven-story Brick-pattern Stone Pagoda,herit,37.1500,128.2230,43150,제천시,제천 장락동 절터에 서 있는 보물 칠층모전석탑.,"A Treasure seven-story brick-pattern stone pagoda standing on a temple site in Jangnak-dong, Jecheon.",,"국가유산 보물 소재지(보물 1건, 2026-10-04 국가유산 기본정보)","좌표 수기 입력(소재지 주소 기준, 지도 검증 필요, 2026-10-04)"
제천,,1,제천 청풍 한벽루,Hanbyeongnu Pavilion (Cheongpung),herit,36.9893,128.1626,43150,제천시,청풍문화재단지에 옮겨 세운 보물 제천 청풍 한벽루.,"Hanbyeongnu, a Treasure pavilion relocated to the Cheongpung Cultural Heritage Complex.",,"국가유산 보물 소재지(보물 1건, 2026-10-04 국가유산 기본정보)","좌표 수기 입력(소재지 주소 기준, 지도 검증 필요, 2026-10-04)"
진도,,1,진도 금골산 오층석탑,Geumgolsan Five-story Stone Pagoda,herit,34.5150,126.2480,12860,진도군,진도 금골산 아래 절터에 남은 보물 오층석탑.,"A Treasure five-story stone pagoda on a temple site below Geumgolsan, Jindo.",,"국가유산 보물 소재지(보물 1건, 2026-10-04 국가유산 기본정보)","좌표 수기 입력(소재지 주소 기준, 지도 검증 필요, 2026-10-04) · 대략 위치"
진도,,1,진도 쌍계사,Ssanggyesa Temple (Jindo),herit,34.4580,126.2990,12860,진도군,보물 진도 쌍계사 목조석가여래삼존좌상을 모신 첨찰산 자락의 사찰.,A temple below Cheomchalsan enshrining the Treasure wooden Seated Sakyamuni Buddha Triad.,,"국가유산 보물 소재지(보물 1건, 2026-10-04 국가유산 기본정보)","좌표 수기 입력(소재지 주소 기준, 지도 검증 필요, 2026-10-04) · 대략 위치"
진안,,1,진안 수선루,Suseonnu Pavilion (Jinan),herit,35.7540,127.3880,52720,진안군,바위 굴 속에 지은 보물 진안 수선루.,"Suseonnu, a Treasure pavilion built into a rock cave in Maryeong-myeon, Jinan.",,"국가유산 보물 소재지(보물 1건, 2026-10-04 국가유산 기본정보)","좌표 수기 입력(소재지 주소 기준, 지도 검증 필요, 2026-10-04) · 대략 위치"
진주,,1,진주 묘엄사지,Myoeomsa Temple Site (Jinju),herit,35.1720,127.9480,48170,진주시,보물 진주 묘엄사지 삼층석탑이 남아 있는 절터.,A temple site in Sugok-myeon preserving the Treasure Myoeomsa Three-story Stone Pagoda.,,"국가유산 보물 소재지(보물 1건, 2026-10-04 국가유산 기본정보)","좌표 수기 입력(소재지 주소 기준, 지도 검증 필요, 2026-10-04) · 대략 위치"
진주,,1,진주 사월리 석조여래좌상,Sawol-ri Stone Seated Buddha,herit,35.1860,128.0870,48170,진주시,진주 망경동에 모셔진 보물 사월리 석조여래좌상.,"The Treasure Sawol-ri Stone Seated Buddha, kept in Manggyeong-dong, Jinju.",,"국가유산 보물 소재지(보물 1건, 2026-10-04 국가유산 기본정보)","좌표 수기 입력(소재지 주소 기준, 지도 검증 필요, 2026-10-04) · 대략 위치"
진주,,1,진주 삼선암,Samseonam Hermitage (Jinju),herit,35.2010,128.0810,48170,진주시,보물 진주 삼선암 동종을 소장한 도심 사찰.,A city temple holding the Treasure bronze bell of Samseonam.,,"국가유산 보물 소재지(보물 1건, 2026-10-04 국가유산 기본정보)","좌표 수기 입력(소재지 주소 기준, 지도 검증 필요, 2026-10-04) · 대략 위치"
진주,,1,진주 용암사지,Yongamsa Temple Site (Jinju),herit,35.1700,128.2700,48170,진주시,보물 진주 용암사지 승탑이 남은 이반성면의 절터.,A temple site in Ibanseong-myeon with the Treasure Yongamsa Stupa.,,"국가유산 보물 소재지(보물 1건, 2026-10-04 국가유산 기본정보)","좌표 수기 입력(소재지 주소 기준, 지도 검증 필요, 2026-10-04) · 대략 위치"
진주,,1,진주 월명사,Wolmyeongam Hermitage (Jinju),herit,35.2700,128.1100,48170,진주시,보물 진주 월명암 목조아미타여래좌상을 모신 미천면의 암자.,A hermitage in Micheon-myeon enshrining the Treasure wooden Seated Amitabha Buddha.,,"국가유산 보물 소재지(보물 1건, 2026-10-04 국가유산 기본정보)","좌표 수기 입력(소재지 주소 기준, 지도 검증 필요, 2026-10-04) · 대략 위치"
진주,,1,진주 응석사,Eungseoksa Temple (Jinju),herit,35.2520,128.0440,48170,진주시,보물 진주 응석사 목조석가여래삼불좌상을 모신 집현산 사찰.,A temple on Jiphyeonsan enshrining the Treasure wooden Seated Sakyamuni Buddha Triad.,,"국가유산 보물 소재지(보물 1건, 2026-10-04 국가유산 기본정보)","좌표 수기 입력(소재지 주소 기준, 지도 검증 필요, 2026-10-04) · 대략 위치"
진주,,1,토지주택박물관,Land and Housing Museum,herit,35.1620,128.1350,48170,진주시,보물 분류두공부시(언해) 권17~19를 소장한 진주혁신도시의 박물관.,"A museum in Jinju Innovation City holding the Treasure Bullyu Dugongbu-si (Korean annotation), vols. 17-19.",,"국가유산 보물 소재지(보물 1건, 2026-10-04 국가유산 기본정보)","좌표 수기 입력(소재지 주소 기준, 지도 검증 필요, 2026-10-04) · 대략 위치"
진천,,1,진천 연곡리 석비,Yeongok-ri Stone Stele (Jincheon),herit,36.8940,127.4680,43750,진천군,글자 없는 비석으로 알려진 보물 진천 연곡리 석비.,"The Treasure Yeongok-ri Stone Stele, known for its blank inscription face.",,"국가유산 보물 소재지(보물 1건, 2026-10-04 국가유산 기본정보)","좌표 수기 입력(소재지 주소 기준, 지도 검증 필요, 2026-10-04) · 대략 위치"
진천,,1,진천 영수사,Yeongsusa Temple (Jincheon),herit,36.8360,127.5150,43750,진천군,보물 진천 영수사 영산회 괘불탱을 소장한 초평면 사찰.,A temple in Chopyeong-myeon holding the Treasure Vulture Peak hanging painting.,,"국가유산 보물 소재지(보물 1건, 2026-10-04 국가유산 기본정보)","좌표 수기 입력(소재지 주소 기준, 지도 검증 필요, 2026-10-04) · 대략 위치"
창녕,,1,창녕 석빙고,Changnyeong Stone Ice Storage,herit,35.5410,128.4960,48740,창녕군,조선시대 얼음 창고인 보물 창녕 석빙고.,"The Treasure Changnyeong Stone Ice Storage, a Joseon-era ice house.",1,"국가유산 보물 소재지(보물 1건, 2026-10-04 국가유산 기본정보)","좌표 수기 입력(소재지 주소 기준, 지도 검증 필요, 2026-10-04) · 대략 위치"
창녕,,1,창녕 송현동 마애여래좌상,Songhyeon-dong Rock-carved Seated Buddha,herit,35.5395,128.4985,48740,창녕군,창녕 송현리 고분군 인근의 보물 마애여래좌상.,"The Treasure rock-carved seated Buddha near the Songhyeon-dong tombs, Changnyeong.",,"국가유산 보물 소재지(보물 1건, 2026-10-04 국가유산 기본정보)","좌표 수기 입력(소재지 주소 기준, 지도 검증 필요, 2026-10-04) · 대략 위치"
창녕,,1,창녕 술정리 서 삼층석탑,Suljeong-ri West Three-story Stone Pagoda,herit,35.5440,128.4925,48740,창녕군,창녕읍 술정리에 서 있는 보물 서 삼층석탑.,"The Treasure west three-story stone pagoda in Suljeong-ri, Changnyeong.",1,"국가유산 보물 소재지(보물 1건, 2026-10-04 국가유산 기본정보)","좌표 수기 입력(소재지 주소 기준, 지도 검증 필요, 2026-10-04)"
창녕,,1,창녕 영산 석빙고,Yeongsan Stone Ice Storage,herit,35.4540,128.5290,48740,창녕군,영산면 교리에 남은 보물 창녕 영산 석빙고.,"The Treasure Yeongsan Stone Ice Storage in Yeongsan-myeon, Changnyeong.",1,"국가유산 보물 소재지(보물 1건, 2026-10-04 국가유산 기본정보)","좌표 수기 입력(소재지 주소 기준, 지도 검증 필요, 2026-10-04) · 대략 위치"
창녕,,1,창녕 인양사,Inyangsa Temple Stele (Changnyeong),herit,35.5390,128.5010,48740,창녕군,신라 사찰 조성 내력을 새긴 보물 창녕 인양사 조성비.,"The Treasure Inyangsa Construction Stele, recording a Silla temple's building history.",1,"국가유산 보물 소재지(보물 1건, 2026-10-04 국가유산 기본정보)","좌표 수기 입력(소재지 주소 기준, 지도 검증 필요, 2026-10-04) · 대략 위치"
창원,,1,창원 불곡사,Bulgoksa Temple (Changwon),herit,35.2190,128.7010,48123,창원시성산구,보물 창원 불곡사 석조비로자나불좌상을 모신 사찰.,A temple enshrining the Treasure stone Seated Vairocana Buddha.,,"국가유산 보물 소재지(보물 1건, 2026-10-04 국가유산 기본정보)","좌표 수기 입력(소재지 주소 기준, 지도 검증 필요, 2026-10-04)"
천안,,1,천안 삼태리 마애여래입상,Samtae-ri Rock-carved Standing Buddha,herit,36.7300,127.1400,44131,천안시동남구,천안 풍세면 태학산 자락의 보물 마애여래입상.,"The Treasure rock-carved standing Buddha on Taehaksan, Pungse-myeon, Cheonan.",,"국가유산 보물 소재지(보물 1건, 2026-10-04 국가유산 기본정보)","좌표 수기 입력(소재지 주소 기준, 지도 검증 필요, 2026-10-04) · 대략 위치"
청도,,1,청도 대적사,Daejeoksa Temple (Cheongdo),herit,35.6700,128.7300,47820,청도군,보물 청도 대적사 극락전이 있는 화양읍의 사찰.,A temple in Hwayang-eup with the Treasure Geungnakjeon Hall.,,"국가유산 보물 소재지(보물 1건, 2026-10-04 국가유산 기본정보)","좌표 수기 입력(소재지 주소 기준, 지도 검증 필요, 2026-10-04) · 대략 위치"
청도,,1,청도 도연사,Doyeonsa Temple (Cheongdo),herit,35.6950,128.6500,47820,청도군,보물 묘법연화경을 소장한 각북면의 사찰.,A temple in Gakbuk-myeon holding a Treasure edition of the Lotus Sutra.,,"국가유산 보물 소재지(보물 1건, 2026-10-04 국가유산 기본정보)","좌표 수기 입력(소재지 주소 기준, 지도 검증 필요, 2026-10-04) · 대략 위치"
청도,,1,청도 박곡리 석조여래좌상,Bakgok-ri Stone Seated Buddha,herit,35.6930,128.8800,47820,청도군,청도 금천면 박곡리의 보물 석조여래좌상.,"The Treasure stone seated Buddha in Bakgok-ri, Geumcheon-myeon, Cheongdo.",,"국가유산 보물 소재지(보물 1건, 2026-10-04 국가유산 기본정보)","좌표 수기 입력(소재지 주소 기준, 지도 검증 필요, 2026-10-04) · 대략 위치"
청도,,1,청도 봉기리 삼층석탑,Bonggi-ri Three-story Stone Pagoda,herit,35.6400,128.6400,47820,청도군,청도 풍각면 봉기리에 서 있는 보물 삼층석탑.,"The Treasure three-story stone pagoda in Bonggi-ri, Punggak-myeon, Cheongdo.",,"국가유산 보물 소재지(보물 1건, 2026-10-04 국가유산 기본정보)","좌표 수기 입력(소재지 주소 기준, 지도 검증 필요, 2026-10-04) · 대략 위치"
청도,,1,청도 석빙고,Cheongdo Stone Ice Storage,herit,35.6510,128.7280,47820,청도군,현존 석빙고 중 오래된 편인 보물 청도 석빙고.,The Treasure Cheongdo Stone Ice Storage in Hwayang-eup.,,"국가유산 보물 소재지(보물 1건, 2026-10-04 국가유산 기본정보)","좌표 수기 입력(소재지 주소 기준, 지도 검증 필요, 2026-10-04) · 대략 위치"
청도,,1,청도 용천사,Yongcheonsa Temple (Cheongdo),herit,35.7000,128.6150,47820,청도군,보물 청도 용천사 영산회상도를 소장한 비슬산 자락 사찰.,A temple below Biseulsan holding the Treasure Vulture Peak Assembly painting.,,"국가유산 보물 소재지(보물 1건, 2026-10-04 국가유산 기본정보)","좌표 수기 입력(소재지 주소 기준, 지도 검증 필요, 2026-10-04) · 대략 위치"
청도,,1,청도 장연사지,Jangyeonsa Temple Site,herit,35.6730,128.8350,47820,청도군,보물 동·서 삼층석탑이 남은 청도 매전면의 절터.,A temple site in Maejeon-myeon with the Treasure east and west three-story pagodas.,,"국가유산 보물 소재지(보물 1건, 2026-10-04 국가유산 기본정보)","좌표 수기 입력(소재지 주소 기준, 지도 검증 필요, 2026-10-04) · 대략 위치"
청도,,1,청도 적천사,Jeokcheonsa Temple (Cheongdo),herit,35.6880,128.7690,47820,청도군,보물 적천사 괘불탱 및 지주를 간직한 화악산 사찰.,A temple on Hwaaksan holding the Treasure hanging painting and its supports.,,"국가유산 보물 소재지(보물 1건, 2026-10-04 국가유산 기본정보)","좌표 수기 입력(소재지 주소 기준, 지도 검증 필요, 2026-10-04) · 대략 위치"
청송,,1,청송 보광사,Bogwangsa Temple (Cheongsong),herit,36.4400,129.0500,47750,청송군,보물 청송 보광사 극락전이 있는 사찰.,A temple with the Treasure Geungnakjeon Hall in Cheongsong-eup.,,"국가유산 보물 소재지(보물 1건, 2026-10-04 국가유산 기본정보)","좌표 수기 입력(소재지 주소 기준, 지도 검증 필요, 2026-10-04) · 대략 위치"
청송,,1,청송 찬경루,Changyeongnu Pavilion (Cheongsong),herit,36.4345,129.0570,47750,청송군,용전천 가에 선 보물 청송 찬경루.,"Changyeongnu, a Treasure pavilion beside Yongjeoncheon in Cheongsong-eup.",,"국가유산 보물 소재지(보물 1건, 2026-10-04 국가유산 기본정보)","좌표 수기 입력(소재지 주소 기준, 지도 검증 필요, 2026-10-04) · 대략 위치"
청양,,1,청양 서정리 구층석탑,Seojeong-ri Nine-story Stone Pagoda,herit,36.4100,126.9480,44790,청양군,청양 정산면 서정리 들판에 선 보물 구층석탑.,"The Treasure nine-story stone pagoda in Seojeong-ri, Jeongsan-myeon, Cheongyang.",,"국가유산 보물 소재지(보물 1건, 2026-10-04 국가유산 기본정보)","좌표 수기 입력(소재지 주소 기준, 지도 검증 필요, 2026-10-04) · 대략 위치"
청양,,1,청양 운장암,Unjangam Hermitage (Cheongyang),herit,36.4100,126.8300,44790,청양군,보물 청양 운장암 금동관음보살좌상을 모신 암자.,A hermitage enshrining the Treasure gilt-bronze Seated Avalokitesvara.,,"국가유산 보물 소재지(보물 1건, 2026-10-04 국가유산 기본정보)","좌표 수기 입력(소재지 주소 기준, 지도 검증 필요, 2026-10-04) · 대략 위치"
청양,,1,청양 읍내리 석조여래삼존입상,Eumnae-ri Stone Standing Buddha Triad,herit,36.4580,126.8020,44790,청양군,청양읍에 모셔진 보물 석조여래삼존입상.,"The Treasure stone standing Buddha triad in Eumnae-ri, Cheongyang-eup.",,"국가유산 보물 소재지(보물 1건, 2026-10-04 국가유산 기본정보)","좌표 수기 입력(소재지 주소 기준, 지도 검증 필요, 2026-10-04) · 대략 위치"
청주,,1,청주 계산리 오층석탑,Gyesan-ri Five-story Stone Pagoda,herit,36.5640,127.5500,43111,청원군,청주 가덕면 계산리 산자락의 보물 오층석탑.,"The Treasure five-story stone pagoda in Gyesan-ri, Gadeok-myeon, Cheongju.",,"국가유산 보물 소재지(보물 1건, 2026-10-04 국가유산 기본정보)","좌표 수기 입력(소재지 주소 기준, 지도 검증 필요, 2026-10-04) · 대략 위치"
청주,,1,청주 보살사,Bosalsa Temple (Cheongju),herit,36.6040,127.5130,43111,청주시상당구,보물 보살사 영산회 괘불탱을 소장한 낙가산 사찰.,A temple on Nakgasan holding the Treasure Vulture Peak hanging painting.,,"국가유산 보물 소재지(보물 1건, 2026-10-04 국가유산 기본정보)","좌표 수기 입력(소재지 주소 기준, 지도 검증 필요, 2026-10-04) · 대략 위치"
청주,,1,청주 용화사,Yonghwasa Temple (Cheongju),herit,36.6420,127.4800,43113,청주시흥덕구,보물 청주 용화사 석조불상군을 모신 무심천 변 사찰.,A temple by Musimcheon enshrining the Treasure group of stone Buddhas.,,"국가유산 보물 소재지(보물 1건, 2026-10-04 국가유산 기본정보)","좌표 수기 입력(소재지 주소 기준, 지도 검증 필요, 2026-10-04)"
청주,,1,청주대학교박물관,Cheongju University Museum,herit,36.6530,127.4940,43114,청주시상당구,보물 금강반야경소론찬요조현록을 소장한 대학 박물관.,A university museum holding a Treasure commentary on the Diamond Sutra.,,"국가유산 보물 소재지(보물 1건, 2026-10-04 국가유산 기본정보)","좌표 수기 입력(소재지 주소 기준, 지도 검증 필요, 2026-10-04)"
청주,,1,충북대학교박물관,Chungbuk National University Museum,herit,36.6290,127.4560,43112,청주시흥덕구,보물 김길통 좌리공신교서를 소장한 대학 박물관.,A university museum holding the Treasure merit-subject certificate of Kim Gil-tong.,,"국가유산 보물 소재지(보물 1건, 2026-10-04 국가유산 기본정보)","좌표 수기 입력(소재지 주소 기준, 지도 검증 필요, 2026-10-04)"
춘천,,1,춘천 근화동 당간지주,Geunhwa-dong Flagpole Supports,herit,37.8840,127.7170,51110,춘천시,춘천 근화동에 남은 보물 당간지주.,"The Treasure flagpole supports in Geunhwa-dong, Chuncheon.",,"국가유산 보물 소재지(보물 1건, 2026-10-04 국가유산 기본정보)","좌표 수기 입력(소재지 주소 기준, 지도 검증 필요, 2026-10-04)"
춘천,,1,춘천 칠층석탑,Chuncheon Seven-story Stone Pagoda,herit,37.8830,127.7260,51110,춘천시,춘천 소양로 도심에 선 보물 칠층석탑.,"The Treasure seven-story stone pagoda in downtown Soyang-ro, Chuncheon.",1,"국가유산 보물 소재지(보물 1건, 2026-10-04 국가유산 기본정보)","좌표 수기 입력(소재지 주소 기준, 지도 검증 필요, 2026-10-04)"
충주,,1,충주 대원사,Daewonsa Temple (Chungju),herit,36.9750,127.9340,43130,충주시,보물 충주 철조여래좌상을 모신 사찰.,A temple enshrining the Treasure iron Seated Buddha of Chungju.,,"국가유산 보물 소재지(보물 1건, 2026-10-04 국가유산 기본정보)","좌표 수기 입력(소재지 주소 기준, 지도 검증 필요, 2026-10-04) · 대략 위치"
충주,,1,충주 미륵리 석조여래입상,Mireuk-ri Stone Standing Buddha,herit,36.8214,128.0950,43130,충주시,미륵대원지에 선 보물 충주 미륵리 석조여래입상.,"The Treasure stone standing Buddha at the Mireukdaewon site, Chungju.",,"국가유산 보물 소재지(보물 1건, 2026-10-04 국가유산 기본정보)","좌표 수기 입력(소재지 주소 기준, 지도 검증 필요, 2026-10-04)"
충주,,1,충주 미륵리 오층석탑,Mireuk-ri Five-story Stone Pagoda,herit,36.8210,128.0948,43130,충주시,미륵대원지에 있는 보물 충주 미륵리 오층석탑.,"The Treasure five-story stone pagoda at the Mireukdaewon site, Chungju.",,"국가유산 보물 소재지(보물 1건, 2026-10-04 국가유산 기본정보)","좌표 수기 입력(소재지 주소 기준, 지도 검증 필요, 2026-10-04)"
충주,,1,충주 백운암,Baegunam Hermitage (Chungju),herit,37.0700,127.9700,43130,충주시,보물 충주 백운암 철조여래좌상을 모신 엄정면의 암자.,A hermitage in Eomjeong-myeon enshrining the Treasure iron Seated Buddha.,,"국가유산 보물 소재지(보물 1건, 2026-10-04 국가유산 기본정보)","좌표 수기 입력(소재지 주소 기준, 지도 검증 필요, 2026-10-04) · 대략 위치"
충주,,1,충주 봉황리 마애불상군,Bonghwang-ri Rock-carved Buddhas,herit,37.0600,127.8100,43130,충주시,충주 중앙탑면 봉황리 바위에 새긴 보물 마애불상군.,"The Treasure group of rock-carved Buddhas in Bonghwang-ri, Chungju.",,"국가유산 보물 소재지(보물 1건, 2026-10-04 국가유산 기본정보)","좌표 수기 입력(소재지 주소 기준, 지도 검증 필요, 2026-10-04) · 대략 위치"
충주,,1,충주 억정사지,Eokjeongsa Temple Site,herit,37.0750,127.9650,43130,충주시,보물 충주 억정사지 대지국사탑비가 남은 절터.,A temple site with the Treasure stele of State Preceptor Daeji.,,"국가유산 보물 소재지(보물 1건, 2026-10-04 국가유산 기본정보)","좌표 수기 입력(소재지 주소 기준, 지도 검증 필요, 2026-10-04) · 대략 위치"
충주,,1,충주 정토사지,Jeongtosa Temple Site,herit,37.0050,127.9900,43130,충주시,보물 충주 정토사지 법경대사탑비가 남은 절터.,A temple site with the Treasure stele of Great Master Beopgyeong.,,"국가유산 보물 소재지(보물 1건, 2026-10-04 국가유산 기본정보)","좌표 수기 입력(소재지 주소 기준, 지도 검증 필요, 2026-10-04) · 대략 위치"
충주,,1,충주박물관,Chungju Museum,herit,37.0160,127.8590,43130,충주시,보물 선림보훈을 소장한 중앙탑 인근의 시립 박물관.,A city museum near Jungangtap holding the Treasure Seollim Bohun.,,"국가유산 보물 소재지(보물 1건, 2026-10-04 국가유산 기본정보)","좌표 수기 입력(소재지 주소 기준, 지도 검증 필요, 2026-10-04)"
칠곡,,1,칠곡 기성리 삼층석탑,Giseong-ri Three-story Stone Pagoda,herit,36.0300,128.5400,47850,칠곡군,칠곡 동명면 기성리의 보물 삼층석탑.,"The Treasure three-story stone pagoda in Giseong-ri, Dongmyeong-myeon, Chilgok.",,"국가유산 보물 소재지(보물 1건, 2026-10-04 국가유산 기본정보)","좌표 수기 입력(소재지 주소 기준, 지도 검증 필요, 2026-10-04) · 대략 위치"
칠곡,,1,칠곡 노석리 마애불상군,Noseok-ri Rock-carved Buddhas,herit,35.9650,128.4000,47850,칠곡군,칠곡 기산면 노석리의 보물 마애불상군.,"The Treasure rock-carved Buddhas in Noseok-ri, Gisan-myeon, Chilgok.",,"국가유산 보물 소재지(보물 1건, 2026-10-04 국가유산 기본정보)","좌표 수기 입력(소재지 주소 기준, 지도 검증 필요, 2026-10-04) · 대략 위치"
칠곡,,1,칠곡 선봉사,Seonbongsa Temple (Chilgok),herit,36.0783,128.3219,47850,칠곡군,보물 칠곡 선봉사 대각국사비가 있는 사찰.,A temple with the Treasure stele of National Preceptor Daegak.,,"국가유산 보물 소재지(보물 1건, 2026-10-04 국가유산 기본정보)","좌표 수기 입력(소재지 주소 기준, 지도 검증 필요, 2026-10-04)"
통영,,1,통영시립박물관,Tongyeong City Museum,herit,34.8380,128.4140,48220,통영시,보물 통영 충렬사 팔사품 일괄을 소장한 시립 박물관.,A city museum holding the Treasure Palsapum set of Chungnyeolsa.,,"국가유산 보물 소재지(보물 1건, 2026-10-04 국가유산 기본정보)","좌표 수기 입력(소재지 주소 기준, 지도 검증 필요, 2026-10-04) · 대략 위치"
파주,,1,파주 공효공 박중손묘 장명등,Stone Lantern at the Tomb of Bak Jung-son,herit,37.7900,126.7300,41480,파주시,파주 탄현면 박중손 묘역의 보물 장명등.,"The Treasure stone lantern at the tomb of Bak Jung-son, Tanhyeon-myeon, Paju.",,"국가유산 보물 소재지(보물 1건, 2026-10-04 국가유산 기본정보)","좌표 수기 입력(소재지 주소 기준, 지도 검증 필요, 2026-10-04) · 대략 위치"
파주,,1,파주 용미리 마애이불입상,Yongmi-ri Rock-carved Standing Buddhas,herit,37.7430,126.8700,41480,파주시,파주 광탄면 용미리의 보물 마애이불입상.,"The Treasure pair of rock-carved standing Buddhas in Yongmi-ri, Paju.",,"국가유산 보물 소재지(보물 1건, 2026-10-04 국가유산 기본정보)","좌표 수기 입력(소재지 주소 기준, 지도 검증 필요, 2026-10-04) · 대략 위치"
포항,,1,포항 분옥정,Bunokjeong Pavilion (Pohang),herit,36.0740,129.2000,47111,포항시북구,기계면 봉계리 계곡가의 보물 포항 분옥정.,"Bunokjeong, a Treasure pavilion by a stream in Bonggye-ri, Pohang.",,"국가유산 보물 소재지(보물 1건, 2026-10-04 국가유산 기본정보)","좌표 수기 입력(소재지 주소 기준, 지도 검증 필요, 2026-10-04) · 대략 위치"
포항,,1,포항 상달암,Sangdalam Hermitage (Pohang),herit,35.9940,129.3200,47111,포항시남구,보물 포항 상달암이 있는 연일읍의 암자.,A hermitage in Yeonil-eup designated as a Treasure.,,"국가유산 보물 소재지(보물 1건, 2026-10-04 국가유산 기본정보)","좌표 수기 입력(소재지 주소 기준, 지도 검증 필요, 2026-10-04) · 대략 위치"
포항,,1,포항 용계정,Yonggyejeong Pavilion (Pohang),herit,36.1140,129.1650,47111,포항시북구,기북면 덕동마을의 보물 포항 용계정.,"Yonggyejeong, a Treasure pavilion in Deokdong village, Pohang.",,"국가유산 보물 소재지(보물 1건, 2026-10-04 국가유산 기본정보)","좌표 수기 입력(소재지 주소 기준, 지도 검증 필요, 2026-10-04) · 대략 위치"
하남,,1,하남 광덕사,Gwangdeoksa Temple (Hanam),herit,37.5240,127.2380,41450,하남시,보물 대방광원각수다라요의경을 소장한 하남 사찰.,A Hanam temple holding a Treasure edition of the Sutra of Perfect Enlightenment.,,"국가유산 보물 소재지(보물 1건, 2026-10-04 국가유산 기본정보)","좌표 수기 입력(소재지 주소 기준, 지도 검증 필요, 2026-10-04) · 대략 위치"
하남,,1,하남 선법사,Seonbeopsa Temple (Hanam),herit,37.5270,127.2160,41450,하남시,보물 하남 교산동 마애약사여래좌상이 있는 사찰.,A temple with the Treasure rock-carved Seated Bhaisajyaguru in Gyosan-dong.,,"국가유산 보물 소재지(보물 1건, 2026-10-04 국가유산 기본정보)","좌표 수기 입력(소재지 주소 기준, 지도 검증 필요, 2026-10-04) · 대략 위치"
함안,,1,함안 대산리 석조삼존상,Daesan-ri Stone Buddha Triad,herit,35.2490,128.4230,48730,함안군,함안면 대산리의 보물 석조삼존상.,"The Treasure stone Buddha triad in Daesan-ri, Haman.",,"국가유산 보물 소재지(보물 1건, 2026-10-04 국가유산 기본정보)","좌표 수기 입력(소재지 주소 기준, 지도 검증 필요, 2026-10-04) · 대략 위치"
함안,,1,함안 방어산 마애약사여래삼존입상,Bangeosan Rock-carved Bhaisajyaguru Triad,herit,35.2540,128.3200,48730,함안군,방어산 바위에 새긴 보물 마애약사여래삼존입상.,"The Treasure rock-carved standing Bhaisajyaguru triad on Bangeosan, Haman.",,"국가유산 보물 소재지(보물 1건, 2026-10-04 국가유산 기본정보)","좌표 수기 입력(소재지 주소 기준, 지도 검증 필요, 2026-10-04) · 대략 위치"
함양,,1,함양 교산리 석조여래좌상,Gyosan-ri Stone Seated Buddha,herit,35.5200,127.7280,48870,함양군,함양읍 교산리의 보물 석조여래좌상.,"The Treasure stone seated Buddha in Gyosan-ri, Hamyang-eup.",1,"국가유산 보물 소재지(보물 1건, 2026-10-04 국가유산 기본정보)","좌표 수기 입력(소재지 주소 기준, 지도 검증 필요, 2026-10-04) · 대략 위치"
함양,,1,함양 덕전리 마애여래입상,Deokjeon-ri Rock-carved Standing Buddha,herit,35.3900,127.6600,48870,함양군,함양 마천면 덕전리의 보물 마애여래입상.,"The Treasure rock-carved standing Buddha in Deokjeon-ri, Macheon-myeon, Hamyang.",,"국가유산 보물 소재지(보물 1건, 2026-10-04 국가유산 기본정보)","좌표 수기 입력(소재지 주소 기준, 지도 검증 필요, 2026-10-04) · 대략 위치"
함양,,1,함양 등구사,Deungusa Temple (Hamyang),herit,35.3840,127.6400,48870,함양군,보물 '미륵원'명 청동북을 소장한 마천면의 사찰.,A temple in Macheon-myeon holding the Treasure bronze drum inscribed 'Mireugwon'.,,"국가유산 보물 소재지(보물 1건, 2026-10-04 국가유산 기본정보)","좌표 수기 입력(소재지 주소 기준, 지도 검증 필요, 2026-10-04) · 대략 위치"
함양,,1,함양 승안사지,Seungansa Temple Site,herit,35.5560,127.7630,48870,함양군,보물 함양 승안사지 삼층석탑이 남은 수동면의 절터.,A temple site in Sudong-myeon with the Treasure three-story pagoda.,,"국가유산 보물 소재지(보물 1건, 2026-10-04 국가유산 기본정보)","좌표 수기 입력(소재지 주소 기준, 지도 검증 필요, 2026-10-04) · 대략 위치"
함평,,1,함평 고막천 석교,Gomakcheon Stone Bridge,herit,35.0450,126.5830,12820,함평군,고려시대 돌다리로 알려진 보물 함평 고막천 석교.,"The Treasure Gomakcheon Stone Bridge in Hakgyo-myeon, Hampyeong.",,"국가유산 보물 소재지(보물 1건, 2026-10-04 국가유산 기본정보)","좌표 수기 입력(소재지 주소 기준, 지도 검증 필요, 2026-10-04) · 대략 위치"
합천,,1,합천 반야사지,Banyasa Temple Site (Hapcheon),herit,35.7990,128.0960,48890,합천군,보물 합천 반야사지 원경왕사비가 남은 해인사 인근 절터.,A temple site near Haeinsa with the Treasure stele of Royal Preceptor Wongyeong.,,"국가유산 보물 소재지(보물 1건, 2026-10-04 국가유산 기본정보)","좌표 수기 입력(소재지 주소 기준, 지도 검증 필요, 2026-10-04) · 대략 위치"
합천,,1,합천 백암리 석등,Baegam-ri Stone Lantern,herit,35.5380,128.1740,48890,합천군,합천 대양면 백암리의 보물 석등.,"The Treasure stone lantern in Baegam-ri, Daeyang-myeon, Hapcheon.",,"국가유산 보물 소재지(보물 1건, 2026-10-04 국가유산 기본정보)","좌표 수기 입력(소재지 주소 기준, 지도 검증 필요, 2026-10-04) · 대략 위치"
합천,,1,합천 월광사지,Wolgwangsa Temple Site,herit,35.7420,128.1780,48890,합천군,보물 동·서 삼층석탑이 남은 합천 야로면의 절터.,A temple site in Yaro-myeon with the Treasure east and west three-story pagodas.,,"국가유산 보물 소재지(보물 1건, 2026-10-04 국가유산 기본정보)","좌표 수기 입력(소재지 주소 기준, 지도 검증 필요, 2026-10-04) · 대략 위치"
합천,,1,합천 치인리 마애여래입상,Chiin-ri Rock-carved Standing Buddha,herit,35.8070,128.0870,48890,합천군,해인사 뒤 가야산 자락의 보물 마애여래입상.,The Treasure rock-carved standing Buddha on Gayasan behind Haeinsa.,,"국가유산 보물 소재지(보물 1건, 2026-10-04 국가유산 기본정보)","좌표 수기 입력(소재지 주소 기준, 지도 검증 필요, 2026-10-04) · 대략 위치"
해남,,1,해남 명량대첩비,Myeongnyang Victory Monument,herit,34.5844,126.3144,12790,해남군,명량해전 승리를 기린 보물 해남 명량대첩비.,The Treasure monument commemorating the victory at the Battle of Myeongnyang.,,"국가유산 보물 소재지(보물 1건, 2026-10-04 국가유산 기본정보)","좌표 수기 입력(소재지 주소 기준, 지도 검증 필요, 2026-10-04)"
해남,,1,해남 서동사,Seodongsa Temple (Haenam),herit,34.6880,126.3150,12790,해남군,보물 해남 서동사 목조석가여래삼불좌상을 모신 화원면 사찰.,A temple in Hwawon-myeon enshrining the Treasure wooden Sakyamuni Buddha triad.,,"국가유산 보물 소재지(보물 1건, 2026-10-04 국가유산 기본정보)","좌표 수기 입력(소재지 주소 기준, 지도 검증 필요, 2026-10-04) · 대략 위치"
해남,,1,해남 은적사,Eunjeoksa Temple (Haenam),herit,34.6100,126.5200,12790,해남군,보물 해남 은적사 철조비로자나불좌상을 모신 사찰.,A temple enshrining the Treasure iron Seated Vairocana Buddha.,,"국가유산 보물 소재지(보물 1건, 2026-10-04 국가유산 기본정보)","좌표 수기 입력(소재지 주소 기준, 지도 검증 필요, 2026-10-04) · 대략 위치"
홍성,,1,홍성 고산사,Gosansa Temple (Hongseong),herit,36.5250,126.5400,44800,홍성군,보물 홍성 고산사 대웅전이 있는 결성면의 사찰.,A temple in Gyeolseong-myeon with the Treasure Daeungjeon Hall.,,"국가유산 보물 소재지(보물 1건, 2026-10-04 국가유산 기본정보)","좌표 수기 입력(소재지 주소 기준, 지도 검증 필요, 2026-10-04) · 대략 위치"
홍성,,1,홍성 신경리 마애여래입상,Singyeong-ri Rock-carved Standing Buddha,herit,36.6270,126.6600,44800,홍성군,용봉산 자락의 보물 홍성 신경리 마애여래입상.,"The Treasure rock-carved standing Buddha on Yongbongsan, Hongseong.",,"국가유산 보물 소재지(보물 1건, 2026-10-04 국가유산 기본정보)","좌표 수기 입력(소재지 주소 기준, 지도 검증 필요, 2026-10-04) · 대략 위치"
홍성,,1,홍성 오관리 당간지주,Ogwan-ri Flagpole Supports,herit,36.6000,126.6640,44800,홍성군,홍성읍 오관리에 남은 보물 당간지주.,"The Treasure flagpole supports in Ogwan-ri, Hongseong-eup.",1,"국가유산 보물 소재지(보물 1건, 2026-10-04 국가유산 기본정보)","좌표 수기 입력(소재지 주소 기준, 지도 검증 필요, 2026-10-04) · 대략 위치"
홍성,,1,홍성 용봉사,Yongbongsa Temple (Hongseong),herit,36.6270,126.6550,44800,홍성군,보물 용봉사 영산회 괘불탱을 소장한 용봉산 사찰.,A temple on Yongbongsan holding the Treasure Vulture Peak hanging painting.,,"국가유산 보물 소재지(보물 1건, 2026-10-04 국가유산 기본정보)","좌표 수기 입력(소재지 주소 기준, 지도 검증 필요, 2026-10-04) · 대략 위치"
홍천,,1,홍천 괘석리 사사자 삼층석탑,Gwaeseok-ri Four-lion Three-story Pagoda,herit,37.6970,127.8870,51720,홍천군,홍천읍 희망리로 옮겨 세운 보물 괘석리 사사자 삼층석탑.,"The Treasure four-lion three-story pagoda, relocated to Huimang-ri, Hongcheon-eup.",,"국가유산 보물 소재지(보물 1건, 2026-10-04 국가유산 기본정보)","좌표 수기 입력(소재지 주소 기준, 지도 검증 필요, 2026-10-04) · 대략 위치"
홍천,,1,홍천 물걸리 삼층석탑,Mulgeol-ri Three-story Stone Pagoda,herit,37.7540,128.0950,51720,홍천군,홍천 내촌면 물걸리 절터의 보물 삼층석탑.,"The Treasure three-story pagoda at the Mulgeol-ri temple site, Hongcheon.",,"국가유산 보물 소재지(보물 1건, 2026-10-04 국가유산 기본정보)","좌표 수기 입력(소재지 주소 기준, 지도 검증 필요, 2026-10-04) · 대략 위치"
홍천,,1,홍천 물걸리 석조대좌,Mulgeol-ri Stone Pedestal,herit,37.7540,128.0950,51720,홍천군,홍천 물걸리 절터에 남은 보물 석조대좌.,"The Treasure stone pedestal at the Mulgeol-ri temple site, Hongcheon.",,"국가유산 보물 소재지(보물 1건, 2026-10-04 국가유산 기본정보)","좌표 수기 입력(소재지 주소 기준, 지도 검증 필요, 2026-10-04) · 대략 위치"
홍천,,1,홍천 물걸리 석조대좌 및 광배,Mulgeol-ri Stone Pedestal and Mandorla,herit,37.7540,128.0950,51720,홍천군,홍천 물걸리 절터의 보물 석조대좌 및 광배.,The Treasure stone pedestal and mandorla at the Mulgeol-ri temple site.,,"국가유산 보물 소재지(보물 1건, 2026-10-04 국가유산 기본정보)","좌표 수기 입력(소재지 주소 기준, 지도 검증 필요, 2026-10-04) · 대략 위치"
홍천,,1,홍천 물걸리 석조비로자나불좌상,Mulgeol-ri Stone Seated Vairocana Buddha,herit,37.7540,128.0950,51720,홍천군,홍천 물걸리 절터의 보물 석조비로자나불좌상.,The Treasure stone Seated Vairocana Buddha at the Mulgeol-ri temple site.,,"국가유산 보물 소재지(보물 1건, 2026-10-04 국가유산 기본정보)","좌표 수기 입력(소재지 주소 기준, 지도 검증 필요, 2026-10-04) · 대략 위치"
홍천,,1,홍천 물걸리 석조여래좌상,Mulgeol-ri Stone Seated Buddha,herit,37.7540,128.0950,51720,홍천군,홍천 물걸리 절터의 보물 석조여래좌상.,The Treasure stone seated Buddha at the Mulgeol-ri temple site.,,"국가유산 보물 소재지(보물 1건, 2026-10-04 국가유산 기본정보)","좌표 수기 입력(소재지 주소 기준, 지도 검증 필요, 2026-10-04) · 대략 위치"
홍천,,1,홍천 희망리 당간지주,Huimang-ri Flagpole Supports,herit,37.6960,127.8850,51720,홍천군,홍천읍 희망리의 보물 당간지주.,"The Treasure flagpole supports in Huimang-ri, Hongcheon-eup.",,"국가유산 보물 소재지(보물 1건, 2026-10-04 국가유산 기본정보)","좌표 수기 입력(소재지 주소 기준, 지도 검증 필요, 2026-10-04) · 대략 위치"
홍천,,1,홍천 희망리 삼층석탑,Huimang-ri Three-story Stone Pagoda,herit,37.6972,127.8875,51720,홍천군,홍천읍 희망리의 보물 삼층석탑.,"The Treasure three-story pagoda in Huimang-ri, Hongcheon-eup.",,"국가유산 보물 소재지(보물 1건, 2026-10-04 국가유산 기본정보)","좌표 수기 입력(소재지 주소 기준, 지도 검증 필요, 2026-10-04) · 대략 위치"
화성,,1,화성 봉림사,Bongnimsa Temple (Hwaseong),herit,37.2100,126.8150,41591,화성시,보물 화성 봉림사 목조아미타여래좌상을 모신 사찰.,A temple enshrining the Treasure wooden Seated Amitabha Buddha.,,"국가유산 보물 소재지(보물 1건, 2026-10-04 국가유산 기본정보)","좌표 수기 입력(소재지 주소 기준, 지도 검증 필요, 2026-10-04) · 대략 위치"
화순,,1,화순 유마사,Yumasa Temple (Hwasun),herit,35.0100,127.0700,12760,화순군,보물 화순 유마사 해련탑이 있는 모후산 자락의 사찰.,A temple below Mohusan with the Treasure Haeryeon Stupa.,,"국가유산 보물 소재지(보물 1건, 2026-10-04 국가유산 기본정보)","좌표 수기 입력(소재지 주소 기준, 지도 검증 필요, 2026-10-04) · 대략 위치"
화천,,1,화천 계성리 석등,Gyeseong-ri Stone Lantern,herit,38.0700,127.6900,51790,화천군,화천 하남면 계성리 절터의 보물 석등.,"The Treasure stone lantern at a temple site in Gyeseong-ri, Hwacheon.",,"국가유산 보물 소재지(보물 1건, 2026-10-04 국가유산 기본정보)","좌표 수기 입력(소재지 주소 기준, 지도 검증 필요, 2026-10-04) · 대략 위치"
